Ticket number,Issue Date,Issue time,Meter Id,Marked Time,RP State Plate,Plate Expiry Date,VIN,Make,Body Style,Color,Location,Route,Agency,Violation code,Violation Description,Fine amount,Latitude,Longitude
1109056185,2015-12-28T00:00:00,7:38:00 PM,WF55,,CA,201512,,ACUR,PA,GY,100 S HARPER AV,472,54,8813B,METER EXPIRED,63,99999,99999
1109056196,2015-12-28T00:00:00,7:42:00 PM,WF54,,CA,,,TOYO,PA,GY,100 S HARPER,472,54,8813B,METER EXPIRED,63,99999,99999
1109056200,2015-12-28T00:00:00,7:51:00 PM,WF177A,,CA,201604,,TOYO,PA,GY,8372 W 3RD ST,472,54,8813B,METER EXPIRED,63,99999,99999
1109056211,2015-12-28T00:00:00,7:53:00 PM,WF99,,CA,201603,,TOYO,PA,WH,1005 ORLANDO,472,54,8813B,METER EXPIRED,63,99999,99999
1109056222,2015-12-28T00:00:00,7:55:00 PM,WF100,,CA,201601,,NISS,PA,SI,100 S ORLANDO,472,54,8813B,METER EXPIRED,63,99999,99999
1112718003,2015-12-28T00:00:00,12:00:00 PM,VH73,,CA,201609,,HOND,PA,GY,1812 N VERMONT AV,461,54,8813B,METER EXPIRED,63,99999,99999
1112718014,2015-12-28T00:00:00,12:17:00 PM,VH220,,CA,201603,,ACUR,PA,SI,4500 W AMBROSE AV,461,54,8813B,METER EXPIRED,63,6474661.4,1862522.4
1112718062,2015-12-28T00:00:00,1:40:00 PM,VH14,,CA,201602,,HOND,PA,BK,4635 W HOLLYWOOD BL,461,54,8813B,METER EXPIRED,63,6473823.1,1858964.5
1105663226,2015-12-16T00:00:00,4:10:00 PM,SO609,,CA,201604,,FORD,PA,GY,HUSTON ST/VAN NUYS,9A41,1,8813B,METER EXPIRED,63,99999,99999
1112716430,2015-12-29T00:00:00,10:25:00 AM,SH62,,CA,201611,,TOYO,PA,BK,6535 SANTA MONICA,487,54,8813B,METER EXPIRED,63,6461121.4,1855565.2
1112718261,2015-12-29T00:00:00,9:51:00 AM,BF340,,CA,201606,,NISS,PA,BK,8060 W MELROSE AV,3RD,54,8813B,METER EXPIRED,63,6451135.3,1853064.3
1112718283,2015-12-29T00:00:00,10:11:00 AM,BF691A,,CA,,,BMW,PA,WH,8166 W MELROSE AV,3RD,54,8813B,METER EXPIRED,63,6450452.3,1853054.8
1112718320,2015-12-29T00:00:00,12:10:00 PM,BF294,,CA,201603,,BMW,PA,WH,7900 W WARING AV,3RD,54,8813B,METER EXPIRED,63,6452198.9,1853706.5
1112718401,2015-12-30T00:00:00,8:05:00 AM,SV789A,,CA,201601,,JEEP,PA,BL,A/F 6806 W LEXINGTON,3RD,54,8813B,METER EXPIRED,63,99999,99999
1112718412,2015-12-30T00:00:00,8:07:00 AM,SV793,,CA,201606,,HOND,PA,SI,6768 W LEXINGTON AV,3RD,54,8813B,METER EXPIRED,63,6459366.3,1856244.8
1112718423,2015-12-30T00:00:00,8:10:00 AM,SH100,,CA,201609,,TOYO,PA,SI,1145 N MCCADDEN PL,3RD,54,8813B,METER EXPIRED,63,6459498.6,1855870.6
1112718434,2015-12-30T00:00:00,8:13:00 AM,SH104,,CA,201605,,TOYO,PA,BK,1157 N MCCADDEN PL,3RD,54,8813B,METER EXPIRED,63,6459498.4,1855953.7
1112718445,2015-12-30T00:00:00,8:16:00 AM,SH289,,CA,201608,,JEEP,PA,WH,1040 N LAS PALMAS AV,3RD,54,8813B,METER EXPIRED,63,99999,99999
1112718456,2015-12-30T00:00:00,8:18:00 AM,SH270,,CA,201611,,TOYO,PA,GY,1040 N LAS PALMAS AV,3RD,54,8813B,METER EXPIRED,63,99999,99999
1112719451,2015-12-30T00:00:00,9:16:00 AM,WW2462,,CA,201609,,FORD,TR,BL,4060 BEVERLY BLVD,487,54,8813B,METER EXPIRED,63,6471634.5,1850283.4
1112719462,2015-12-30T00:00:00,9:43:00 AM,HO206,,CA,201512,,FORD,PA,BK,1650 N IVAR AVE,487,54,8813B,METER EXPIRED,63,99999,99999
1112719495,2015-12-30T00:00:00,10:20:00 AM,SH439,,CA,201603,,BMW,PA,BK,1100 N ORANGE DR,487,54,8813B,METER EXPIRED,63,6458238.4,1855566.5
1112720276,2015-12-30T00:00:00,12:00:00 PM,L251,,CA,201611,,TOYO,PA,BK,531 N LARCHMONT BL,487,54,8813B,METER EXPIRED,63,99999,99999
1112720302,2015-12-30T00:00:00,12:50:00 PM,WW1312A,,CA,201607,,KIA,PA,WH,4269 W 3RD ST,487,54,8813B,METER EXPIRED,63,99999,99999
1112720335,2015-12-30T00:00:00,3:43:00 PM,HO475,,CA,201610,,FORD,PA,WH,6200 YUCCA ST,487,54,8813B,METER EXPIRED,63,6463215,1860288.6
1109577184,2016-01-02T00:00:00,11:19:00 AM,C381B,,CA,201603,,HOND,PA,GY,3700 S FLOWER ST,300,55,8813B,METER EXPIRED,63,99999,99999
1109577921,2015-12-31T00:00:00,8:44:00 AM,C74,,CA,,,NISS,SU,GY,1200 W JEFFERSON BL,535,55,8813B,METER EXPIRED,63,99999,99999
1112719510,2015-12-31T00:00:00,9:48:00 AM,HO935,,CA,201605,,DODG,PA,SI,1830 N CAHUENGA BL,3RD,54,8813B,METER EXPIRED,63,6461798.2,1860521.9
1112719591,2015-12-31T00:00:00,2:02:00 PM,VH67,,CA,201511,,SATU,PA,RE,4647 W MELBOURNE AV,3RD,54,8813B,METER EXPIRED,63,6473689.4,1860210.5
1112719926,2015-12-31T00:00:00,8:07:00 AM,HW432,,CA,201610,,HYUN,PA,BL,1700 N GRAMERCY PL,3RD,54,8813B,METER EXPIRED,63,6467137.5,1859544.7
1112719930,2015-12-31T00:00:00,8:10:00 AM,HW480,,CA,,,HOND,PA,WH,1600 N ST ANDREWS PL,3RD,54,8813B,METER EXPIRED,63,6467377.8,1858892.2
1112719941,2015-12-31T00:00:00,8:15:00 AM,HW440,,CA,201609,,SCIO,PA,SI,E/S 1700 N WILTON PL,3RD,54,8813B,METER EXPIRED,63,99999,99999
1112949003,2015-12-14T00:00:00,8:32:00 AM,CB4076,,CA,201612,,BMW,PA,GR,326 E 6TH ST,1FBL2,1,8813B,METER EXPIRED,63,99999,99999
1113968940,2015-12-30T00:00:00,1:38:00 PM,OS850,,CA,201611,,FORD,PA,RE,11500 TENNESSEE AVE,141,51,8813B,METER EXPIRED,63,6427405.3,1835345.8
1107639923,2015-12-24T00:00:00,3:00:00 PM,,,CA,201611,,NISS,PA,BK,643 S SAN PEDRO,,1,8813B,METER EXPIRED,63,6487184.4,1837601.5
1112721271,2016-01-04T00:00:00,9:42:00 AM,SV884,,CA,201603,,FORD,PA,BK,6230 LA MIRADA AVE,487,54,8813B,METER EXPIRED,63,6463231.8,1856565.4
1112721654,2016-01-04T00:00:00,3:04:00 PM,SH197,,CA,201603,,VOLK,PA,GY,1050 N ORANGE DR,487,54,8813B,METER EXPIRED,63,6458237.5,1855244.9
1112721665,2016-01-04T00:00:00,3:15:00 PM,SV252,,CA,201508,,ACUR,PA,BK,1400 N WILCOX AVE,487,54,8813B,METER EXPIRED,63,6461455.8,1857539.5
1109138936,2015-12-28T00:00:00,10:15:00 AM,,,CA,201609,,TOYO,PA,BK,CUMPSTON/ELMER,M29,1,8813B,METER EXPIRED,63,99999,99999
1109139371,2015-12-30T00:00:00,8:55:00 AM,,,CA,201602,,CHRY,PA,WH,CUMPSTON LANKERSHIM,M29,1,8813B,METER EXPIRED,63,99999,99999
1109139393,2015-12-30T00:00:00,9:05:00 AM,,,CA,201511,,FORD,TR,BL,CUMPSTON-LANKERSHIM,M29,1,8813B,METER EXPIRED,63,99999,99999
1112721842,2016-01-05T00:00:00,2:07:00 PM,LM376,,CA,201604,,VOLK,PA,BK,600 N FORMOSA AVE,487,54,8813B,METER EXPIRED,63,99999,99999
1105103226,2015-12-26T00:00:00,6:51:00 PM,WH473,,CA,200816,,NISS,PA,GY,22510 VENTURA BLVD,350R1,53,8813B,METER EXPIRED,63,99999,99999
1105103230,2015-12-26T00:00:00,6:53:00 PM,WH475,,CA,200915,,DODG,TR,WH,22504 VENTURA BLVD,350R1,53,8813B,METER EXPIRED,63,99999,99999
1105103241,2015-12-26T00:00:00,6:59:00 PM,WH476,,CA,200916,,RROV,PA,WH,22504 VENTURA BLVD,350R1,53,8813B,METER EXPIRED,63,99999,99999
1112721680,2016-01-06T00:00:00,9:38:00 AM,SVV63,,CA,,,GMC,PA,BU,854 N VERMONT AVE,487,54,8813B,METER EXPIRED,63,99999,99999
1112721691,2016-01-06T00:00:00,10:34:00 AM,SW77,,CA,201604,,HOND,PA,WH,910 N VERMONT AVE,487,54,8813B,METER EXPIRED,63,99999,99999
1112721713,2016-01-06T00:00:00,11:15:00 AM,HW99,,CA,201601,,FORD,PA,RE,5255 SUNSET BLVD,487,54,8813B,METER EXPIRED,63,6469496.7,1858227.6
1112721934,2016-01-06T00:00:00,5:07:00 AM,SV512,,CA,201607,,HYUN,PA,SI,5910 SUNSET BLVD,487,54,8813B,METER EXPIRED,63,99999,99999
1111387782,2016-01-04T00:00:00,1:48:00 PM,ERL7,,CA,201612,,TOYO,PA,GY,5065 N CASPAR AV,675,56,8813B,METER EXPIRED,63,6497186.4,1872807.3
1111387793,2016-01-05T00:00:00,8:12:00 AM,ER76,,CA,201604,,HOND,PA,GR,2125 W CHICKASAW AV,675,56,8813B,METER EXPIRED,63,99999,99999
1111387852,2016-01-05T00:00:00,11:02:00 AM,ER109,,CA,201603,,FORD,TR,WH,5081 W CASPAR AV,675,56,8813B,METER EXPIRED,63,99999,99999
1111387863,2016-01-05T00:00:00,1:38:00 PM,YO,,CA,201609,,HOND,PA,SI,1255 N AV 57,675,56,8813B,METER EXPIRED,63,99999,99999
1111388110,2016-01-07T00:00:00,10:32:00 AM,ERL8,,CA,201605,,GMC,TR,WH,5065 N CASPAR AV,673,56,8813B,METER EXPIRED,63,6497186.4,1872807.3
1111388132,2016-01-07T00:00:00,1:11:00 PM,ER90,,CA,201603,,FORD,SU,BL,APX 2115 W MERTON AV,673,56,8813B,METER EXPIRED,63,99999,99999
1111388143,2016-01-07T00:00:00,1:59:00 PM,ER120,,CA,201612,,LEXU,SU,WH,5080 N CASPAR AV,LMO,56,8813B,METER EXPIRED,63,6497184.3,1872924
1111388154,2016-01-07T00:00:00,2:12:00 PM,VO80,,CA,201609,,MAZD,PA,BK,1252 N AV 51,673,56,8813B,METER EXPIRED,63,6499631.1,1866235.2
1112089005,2015-12-21T00:00:00,1:42:00 PM,W55,,CA,201510,,TOYO,PA,YE,6151 W 98TH ST,2C174,2,89355B,METER EXPIRED,63,99999,99999
1112089016,2015-12-21T00:00:00,1:47:00 PM,W54,,CA,201512,,TOYO,PA,WH,6151 W 98TH ST,2C174,2,89355B,METER EXPIRED,63,99999,99999
1112089440,2015-12-21T00:00:00,1:57:00 PM,W98,,CA,201601,,DODG,PA,YE,6150 W 98TH ST,2C174,2,89355B,METER EXPIRED,63,99999,99999
1112720361,2016-01-07T00:00:00,9:26:00 AM,SV885,,CA,201509,,NISS,PA,GY,6230 LA MIRADA AVE,487,54,8813B,METER EXPIRED,63,6463231.8,1856565.4
1112720372,2016-01-07T00:00:00,9:27:00 AM,SV886,,DE,201711,,HOND,PA,BL,6200 LA MIRADA AVE,487,54,8813B,METER EXPIRED,63,6463433.9,1856565.7
1112720405,2016-01-07T00:00:00,9:36:00 AM,SH397A,,TX,201603,,CHEV,TR,WH,6239 BANNER AVE,487,54,8813B,METER EXPIRED,63,99999,99999
1112720475,2016-01-07T00:00:00,11:46:00 AM,SH3,,CA,201602,,INFI,PA,RE,6207 SANTA MONICA BL,487,54,8813B,METER EXPIRED,63,6463393.6,1855564.2
1112720490,2016-01-07T00:00:00,12:47:00 PM,LM299,,IL,201606,,AUDI,PA,SI,7423 MELROSE AVE,487,54,8813B,METER EXPIRED,63,99999,99999
1112722004,2016-01-07T00:00:00,2:27:00 PM,VF225,,NC,201301,,TOYO,PA,BK,7613 MELROSE AVE,487,54,8813B,METER EXPIRED,63,6454001.7,1853026.7
1112722015,2016-01-07T00:00:00,3:00:00 PM,LM360,,CA,201605,,CHEV,PA,GY,7262 MELROSE AVE,487,54,8813B,METER EXPIRED,63,6456371.7,1852955.8
1113862256,2016-01-05T00:00:00,8:10:00 AM,PR156A,,CA,201511,,TOYO,PA,BK,8814 ALCOTT ST,146,51,8813B,METER EXPIRED,63,99999,99999
1113862293,2016-01-05T00:00:00,9:50:00 AM,PR25,,CA,,,NISS,PA,GY,1265 S WOOSTER ST,146,51,8813B,METER EXPIRED,63,6445782.7,1842615.4
1113862304,2016-01-05T00:00:00,9:55:00 AM,PR99,,CA,201604,,TOYO,PA,GY,1165 S CLARK DR,146,51,8813B,METER EXPIRED,63,99999,99999
1113862315,2016-01-05T00:00:00,10:05:00 AM,PR81,,CA,201512,,,PA,GY,1173 S ROBERTSON,146,51,8813B,METER EXPIRED,63,99999,99999
1113862330,2016-01-05T00:00:00,10:40:00 AM,PW26,,CA,,,MBNZ,PA,WH,10581 W PICO BLVD,146,51,8813B,METER EXPIRED,63,99999,99999
1113862341,2016-01-05T00:00:00,10:42:00 AM,PW63,,CA,201606,,MASE,PA,BK,10677 W PICO BL,146,51,8813B,METER EXPIRED,63,99999,99999
1113862352,2016-01-05T00:00:00,12:26:00 PM,243A,,CA,201609,,,PA,GY,12006 VENICE BL,146,51,8813B,METER EXPIRED,63,6431676.8,1824879.8
1113862363,2016-01-05T00:00:00,1:00:00 PM,PW448,,CA,201612,,TOYO,PA,BK,2341 COTNER AVE,146,51,8813B,METER EXPIRED,63,99999,99999
1113862374,2016-01-05T00:00:00,1:25:00 PM,PW89,,CA,201605,,LEXU,PA,GY,10773 W PICO BL,146,51,8813B,METER EXPIRED,63,6432349.4,1837537.9
1113862385,2016-01-05T00:00:00,1:33:00 PM,PW369,,CA,201604,,TOYO,PA,GY,2300 S SEPULVEDA BL,146,51,8813B,METER EXPIRED,63,6429389.4,1836757.9
1113862396,2016-01-05T00:00:00,1:50:00 PM,PW13,,CA,201607,,AUDI,PA,BK,10547 W PICO BL,146,51,8813B,METER EXPIRED,63,6434320.2,1838805.2
1113862923,2016-01-06T00:00:00,11:59:00 AM,PW445,,CA,201611,,JEEP,PA,SI,2311 COTNER AV,146,51,8813B,METER EXPIRED,63,6428989.2,1836381.3
1113862945,2016-01-06T00:00:00,12:40:00 PM,PW426,,CA,201607,,MERZ,PA,BK,11040 W PICO BL,146,51,8813B,METER EXPIRED,63,6430292.7,1836375.2
1113862956,2016-01-06T00:00:00,12:43:00 PM,PW237,,CA,201605,,AUDI,PA,BK,11010 W PICO BL,146,51,8813B,METER EXPIRED,63,6430577,1836535.9
1113862982,2016-01-06T00:00:00,12:58:00 PM,PW215,,CA,,,HYUN,PA,BR,2370 KELTON AV,146,51,8813B,METER EXPIRED,63,6431110,1837147.8
1113862993,2016-01-06T00:00:00,2:30:00 PM,PW79,,CA,201612,,MERZ,PA,SI,10749 W PICO BL,146,51,8813B,METER EXPIRED,63,6432544,1837647.9
1113863085,2016-01-06T00:00:00,9:05:00 AM,PM89,,CA,201603,,GMC,PA,WH,3701 DELMAS TER B/O,141,51,8813B,METER EXPIRED,63,99999,99999
1113863262,2016-01-05T00:00:00,6:10:00 PM,PM219,,CA,201601,,AUDI,PA,BK,3813 VINTON AVE A/F,141,51,8813B,METER EXPIRED,63,99999,99999
1113863273,2016-01-05T00:00:00,8:13:00 AM,PM229,,CA,201608,,SUBA,PA,SI,3801 JASMINE AVE,141,51,8813B,METER EXPIRED,63,99999,99999
1113863284,2016-01-05T00:00:00,8:21:00 AM,PM78,,CA,201507,,SUBA,PA,,9635 VENICE BLVD,141,51,8813B,METER EXPIRED,63,6441549.5,1831680.4
1113863295,2016-01-05T00:00:00,8:34:00 AM,PM86,,CA,201408,,HYUN,PA,SI,3700 DELMAS TER,141,51,8813B,METER EXPIRED,63,6440691.8,1831974.4
1113863310,2016-01-05T00:00:00,9:28:00 AM,PR376,,CA,201609,,HYUN,PA,SI,1135 BEVERLY DR,141,51,8813B,METER EXPIRED,63,6441561.8,1843322.1
1113863343,2016-01-05T00:00:00,11:32:00 AM,PR360,,CA,,,INFI,PA,BK,1152 ELM DR,141,51,8813B,METER EXPIRED,63,6442053.7,1843037.6
1113863354,2016-01-05T00:00:00,11:36:00 AM,PR356,,CA,201604,,CADI,PA,BE,1144 ELM DR A/F,141,51,8813B,METER EXPIRED,63,6442054,1843092.3
1113863365,2016-01-05T00:00:00,12:12:00 PM,SS227,,CA,201604,,GMC,PA,BK,11811 SANTA MONICA,141,51,8813B,METER EXPIRED,63,99999,99999
1113863376,2016-01-05T00:00:00,2:10:00 PM,OS332A,,CA,201604,,FORD,PA,GY,2100 PURDUE AVE,141,51,8813B,METER EXPIRED,63,6427046.4,1836662.6
1113863380,2016-01-05T00:00:00,2:10:00 PM,OS332,,CA,201602,,AUDI,PA,RE,2400 PURDUE AVE,141,51,8813B,METER EXPIRED,63,6428234.3,1835049.6
1113863391,2016-01-05T00:00:00,2:19:00 PM,SS40,,CA,201611,,LEXU,PA,BK,11353 SANTA MONICA,141,51,8813B,METER EXPIRED,63,99999,99999
1113863402,2016-01-05T00:00:00,2:23:00 PM,SS39,,CA,201604,,AUDI,PA,WH,11347 SANTA MONICA,141,51,8813B,METER EXPIRED,63,99999,99999
1113863413,2016-01-05T00:00:00,2:25:00 PM,SS37,,CA,201605,,LEXU,PA,SI,11343 SANTA MONICA,141,51,8813B,METER EXPIRED,63,6425411,1839464.3
1113863715,2016-01-04T00:00:00,1:04:00 PM,PR723,,CA,201601,,MITS,PA,TA,1200 ALFRED ST,141,51,8813B,METER EXPIRED,63,6448082.4,1842645.6
1113863730,2016-01-04T00:00:00,2:05:00 PM,OS168,,CA,201605,,CHEV,PA,SI,2200 CORINTH AVE,141,51,8813B,METER EXPIRED,63,6427692.6,1836366.8
1113967816,2016-01-05T00:00:00,5:32:00 PM,BR138,,CA,201604,,AUDI,PA,BK,11694 SAN VICENTE BL,123,51,8813B,METER EXPIRED,63,6421208.8,1842278.5
1113972090,2016-01-04T00:00:00,6:43:00 PM,WS8,,CA,201607,,CHRY,PA,BK,1746 S WESTWOOD BLVD,123,51,8813B,METER EXPIRED,63,99999,99999
1113972112,2016-01-04T00:00:00,6:46:00 PM,WS54,,CA,201609,,MBNZ,PA,BK,10889 W OHIO AVE,123,51,8813B,METER EXPIRED,63,99999,99999
1113972123,2016-01-04T00:00:00,6:54:00 PM,WS56A,,CA,201601,,VOLK,PA,WH,1456 S WESTWOOD BL,123,51,8813B,METER EXPIRED,63,99999,99999
1113972134,2016-01-04T00:00:00,6:55:00 PM,WS58,,CA,201601,,FORD,PA,GR,1438 WESTWOOD BLVD,123,51,8813B,METER EXPIRED,63,99999,99999
1113972145,2016-01-04T00:00:00,7:03:00 PM,WS301,,CA,201606,,VOLK,PA,WH,2135 WESTWOOD BLVD,123,51,8813B,METER EXPIRED,63,6430643.7,1838959.1
1107738505,2016-01-02T00:00:00,2:35:00 PM,SO609,,CA,200516,,TOYO,PA,GR,HUSTON ST/VAN NUYS,9A89,1,8813B,METER EXPIRED,63,99999,99999
1109716123,2016-01-08T00:00:00,9:16:00 AM,GA30,,CA,201607,,AUDI,PA,WH,3169 GLENDALE BLVD,674,56,8813B,METER EXPIRED,63,99999,99999
1109716134,2016-01-08T00:00:00,9:17:00 AM,GA33A,,CA,,,HOND,PA,GY,3155 GLENDALE BLVD,674,56,8813B,METER EXPIRED,63,99999,99999
1109716145,2016-01-08T00:00:00,9:20:00 AM,GA38,,CA,201602,,HOND,PA,SI,3133 GLENDALE,674,56,8813B,METER EXPIRED,63,99999,99999
1109716156,2016-01-08T00:00:00,9:19:00 AM,GA37A,,CA,201610,,KIA,PA,GY,3133 GLENDALE BLVD,674,56,8813B,METER EXPIRED,63,99999,99999
1109716160,2016-01-08T00:00:00,9:21:00 AM,GA41,,CA,201605,,ACUR,PA,BK,3127 GLENDALE BLVD,674,56,8813B,METER EXPIRED,63,99999,99999
1111388423,2016-01-08T00:00:00,1:26:00 PM,ER85,,CA,201608,,TOYO,PA,BK,APX 2110 W MERTON AV,672,56,8813B,METER EXPIRED,63,99999,99999
1111388456,2016-01-09T00:00:00,8:06:00 AM,WU69,,CA,201605,,HYUN,PA,BK,APX 401 S BIXEL ST,609,56,8813B,METER EXPIRED,63,99999,99999
1111388460,2016-01-09T00:00:00,8:08:00 AM,WU13,,CA,201603,,LEXU,PA,SI,APX 510 S BIXEL ST,609,56,8813B,METER EXPIRED,63,99999,99999
1111388471,2016-01-09T00:00:00,8:12:00 AM,WU212A,,CA,201606,,NISS,PA,WH,APX 615 S WITMER ST,609,56,8813B,METER EXPIRED,63,99999,99999
1111388482,2016-01-09T00:00:00,8:14:00 AM,WU1202,,CA,201603,,TOYO,VN,GY,1321 W SHATTO ST,609,56,8813B,METER EXPIRED,63,6480842.3,1842467.7
1111388493,2016-01-09T00:00:00,8:14:00 AM,WU1204,,CA,201607,,INFI,PA,GO,1321 W SHATTO ST,609,56,8813B,METER EXPIRED,63,6480842.3,1842467.7
1111388504,2016-01-09T00:00:00,8:19:00 AM,WU402,,CA,201608,,HOND,PA,GY,665 S UNION AV,609,56,8813B,METER EXPIRED,63,99999,99999
1111388515,2016-01-09T00:00:00,8:20:00 AM,WU404,,CA,201605,,JEEP,PA,BK,669 S UNION AV,609,56,8813B,METER EXPIRED,63,6479722.6,1842445.9
1111388530,2016-01-09T00:00:00,8:29:00 AM,WA1080,,CA,201602,,TOYO,PA,GY,668 S BONNIE BRAE ST,609,56,8813B,METER EXPIRED,63,6478688.7,1843000.9
1111388541,2016-01-09T00:00:00,8:31:00 AM,WA1103,,CA,201601,,FORD,SW,GY,639 S BONNIE BRAE ST,609,56,8813B,METER EXPIRED,63,99999,99999
1111388552,2016-01-09T00:00:00,8:35:00 AM,WA127,,CA,201512,,MBNZ,PA,BK,608 S WESTLAKE AV,609,56,8813B,METER EXPIRED,63,6478732.9,1843866.4
1111388574,2016-01-09T00:00:00,9:20:00 AM,WU1272,,CA,201608,,VOLK,PA,GY,1310 W SHATTO ST,609,56,8813B,METER EXPIRED,63,6481025.4,1842367.8
1111388585,2016-01-09T00:00:00,9:38:00 AM,WU766,,CA,201608,,HOND,PA,BL,900 S BEACON AV,609,56,8813B,METER EXPIRED,63,6478573.1,1841187.2
1111388622,2016-01-09T00:00:00,9:31:00 AM,WU403,,CA,201606,,MBNZ,PA,BK,665 S UNION AV,609,56,8813B,METER EXPIRED,63,99999,99999
1111388633,2016-01-09T00:00:00,10:33:00 AM,WU405,,CA,201608,,NISS,PA,WH,669 S UNION AV,609,56,8813B,METER EXPIRED,63,6479722.6,1842445.9
1111388644,2016-01-09T00:00:00,10:35:00 AM,WU595,,CA,,,VOLK,PA,GY,APX 705 S UNION AV,609,56,8813B,METER EXPIRED,63,99999,99999
1111388666,2016-01-09T00:00:00,12:25:00 PM,CB1360,,CA,201607,,CHEV,SU,BU,APX 1110 S HOPE ST,609,56,8813B,METER EXPIRED,63,99999,99999
1111388670,2016-01-09T00:00:00,12:53:00 PM,WU576,,CA,201608,,BMW,PA,BK,1734 W 7TH ST,609,56,8813B,METER EXPIRED,63,99999,99999
1111388681,2016-01-09T00:00:00,12:57:00 PM,WU694,,CA,201604,,MBNZ,PA,RE,APX 1220 W 8TH ST,609,56,8813B,METER EXPIRED,63,99999,99999
1111388692,2016-01-09T00:00:00,1:10:00 PM,WA130,,CA,201603,,TOYO,PA,GR,608 S WESTLAKE AV,609,56,8813B,METER EXPIRED,63,6478732.9,1843866.4
1111388714,2016-01-09T00:00:00,1:20:00 PM,WA1087,,CA,201612,,BMW,PA,BL,1828 W WILSHIRE BL,609,56,8813B,METER EXPIRED,63,99999,99999
1111388725,2016-01-09T00:00:00,1:27:00 PM,WU1203,,CA,,,MBNZ,SU,RE,1317 W SHATTO ST,609,56,8813B,METER EXPIRED,63,6480849.3,1842463.9
1111388740,2016-01-09T00:00:00,2:28:00 PM,WU1205,,CA,201507,,TOYO,PA,GY,1317 W SHATTO ST,609,56,8813B,METER EXPIRED,63,6480849.3,1842463.9
1112719145,2016-01-09T00:00:00,11:03:00 AM,SV597,,CA,,,FIAT,PA,WH,1510 N LAS PALMAS AV,478,54,8813B,METER EXPIRED,63,6459850.2,1858272.2
1112719156,2016-01-09T00:00:00,11:05:00 AM,,,CA,201605,,HOND,PA,SI,1505 N LAS PALMAS AV,478,54,8813B,METER EXPIRED,63,6459850.2,1858233.8
1112721956,2016-01-08T00:00:00,9:46:00 AM,SV309,,CA,201606,,FORD,PA,RE,6300 SUNSET BLVD,487,54,8813B,METER EXPIRED,63,6462773.2,1858204.8
1112721960,2016-01-08T00:00:00,10:03:00 AM,SV560,,CA,201601,,NISS,PA,BL,1500 N ARGYLE AVE,487,54,8813B,METER EXPIRED,63,6463229.4,1858206.6
1112721971,2016-01-08T00:00:00,10:07:00 AM,HO432,,CA,,,HOND,PA,WH,1700 N ARGYLE AVE,487,54,8813B,METER EXPIRED,63,6463226.1,1859527.2
1112721982,2016-01-08T00:00:00,10:08:00 AM,HO434,,CA,201701,,MBNZ,PA,SI,1756 N ARGYLE ST,487,54,8813B,METER EXPIRED,63,99999,99999
1113031754,2016-01-09T00:00:00,8:06:00 AM,WW2456,,CA,,,KIA,PA,WH,3969 W BEVERLY PL,442,54,8813B,METER EXPIRED,63,99999,99999
1113031765,2016-01-09T00:00:00,8:08:00 AM,2459WW,,CA,201609,,,TR,GY,3977 W BEVERLY BL,442,54,8813B,METER EXPIRED,63,6472277.1,1850284.9
1113031776,2016-01-09T00:00:00,8:10:00 AM,2461WW,,CA,201602,,KIA,PA,GY,406 W BEVERLY BL,442,54,8813B,METER EXPIRED,63,99999,99999
1113031780,2016-01-09T00:00:00,8:11:00 AM,WW2463,,CA,201602,,TOYO,PA,BL,4061 W BEVERLY BL,442,54,8813B,METER EXPIRED,63,99999,99999
1113031791,2016-01-09T00:00:00,8:14:00 AM,WW2465,,CA,201606,,CHEV,PA,WH,4075 W BEVERLY BL,442,54,8813B,METER EXPIRED,63,6471513.1,1850283.1
1113031802,2016-01-09T00:00:00,8:15:00 AM,WW2465,,CA,201604,,,PA,GO,4073 W BEVERLY BL,442,54,8813B,METER EXPIRED,63,6471525.1,1850283.2
1113031813,2016-01-09T00:00:00,8:17:00 AM,WW2483,,NE,201610,,CHRY,PA,BK,4155 W BEVERLY BL,442,54,8813B,METER EXPIRED,63,6470923.9,1850281.5
1113039863,2016-01-08T00:00:00,3:13:00 PM,HO136,,OR,201905,,HYUN,PA,SI,1600 N WILCOX AVE,487,54,8813B,METER EXPIRED,63,99999,99999
1113860786,2016-01-07T00:00:00,12:37:00 PM,PR27,,CA,201607,,FORD,PA,BL,8761 W PICO BL,146,51,8813B,METER EXPIRED,63,6445708.7,1842472
1113860790,2016-01-07T00:00:00,12:45:00 PM,PR563,,CA,201701,,INFI,PA,BR,8645 W PICO BL,146,51,8813B,METER EXPIRED,63,99999,99999
1113860801,2016-01-07T00:00:00,12:50:00 PM,PR29,,CA,,,TOYO,PA,SI,8765 W PICO BL,146,51,8813B,METER EXPIRED,63,6445680.6,1842478.6
1113860812,2016-01-07T00:00:00,12:52:00 PM,PR101,,AZ,,,VOLV,VN,GY,8863 W PICO BL,146,51,8813B,METER EXPIRED,63,6445049.2,1842626.1
1113860823,2016-01-07T00:00:00,1:03:00 PM,PR614,,CA,201601,,BMW,PA,WH,9911 W PICO BL,146,51,8813B,METER EXPIRED,63,6438593.1,1841736.2
1113860834,2016-01-07T00:00:00,1:10:00 PM,PW54,,CA,201603,,HOND,PA,SI,2365 PELHAM AV,146,51,8813B,METER EXPIRED,63,6433118.9,1838344.7
1113860845,2016-01-07T00:00:00,1:17:00 PM,PW79,,CA,201609,,HYUN,PA,BK,10749 W PICO BL,146,51,8813B,METER EXPIRED,63,6432544,1837647.9
1113860856,2016-01-07T00:00:00,2:05:00 PM,PW2,,CA,201612,,MASE,PA,BK,10509 W PICO BL,146,51,8813B,METER EXPIRED,63,6434688.6,1839057.8
1113860860,2016-01-07T00:00:00,2:12:00 PM,PW422,,CA,201610,,FORD,VN,BL,11054 W PICO BL,146,51,8813B,METER EXPIRED,63,6430141.7,1836289.8
1113861011,2016-01-07T00:00:00,2:14:00 PM,OS565,,CA,201607,,FORD,PA,BL,11731 PICO BLVD,141,51,8813B,METER EXPIRED,63,6426453.9,1834083.5
1113861022,2016-01-07T00:00:00,2:17:00 PM,OS580,,CA,201606,,CHRY,PA,BK,11766 PICO BLVD,141,51,8813B,METER EXPIRED,63,6426248.7,1833962.5
1113861033,2016-01-07T00:00:00,2:20:00 PM,OS581,,CA,201608,,RROV,PA,BK,11766 PICO BLVD,141,51,8813B,METER EXPIRED,63,6426248.7,1833962.5
1113861361,2016-01-07T00:00:00,11:11:00 AM,OS568,,CA,201608,,KIA,PA,RE,11741 PICO BLVD,141,51,8813B,METER EXPIRED,63,99999,99999
1113862050,2016-01-07T00:00:00,8:14:00 AM,PM119,,CA,201601,,TOYO,PA,GY,3700 CLARINGTON AV,146,51,8813B,METER EXPIRED,63,6439831.5,1831653.2
1113968085,2016-01-07T00:00:00,5:47:00 PM,OS782,,MT,201512,,AUDI,PA,GY,2270 S CORINTH,123,51,8813B,METER EXPIRED,63,99999,99999
1108964846,2016-01-11T00:00:00,2:13:00 PM,LM414,,CA,201605,,HOND,PA,BK,515 LA BREA N,477,54,8813B,METER EXPIRED,63,99999,99999
1111380804,2016-01-11T00:00:00,10:11:00 AM,ERL8,,CA,201609,,HOND,PA,BK,5065 N CASPAR AV,675,56,8813B,METER EXPIRED,63,6497186.4,1872807.3
1111380826,2016-01-11T00:00:00,1:08:00 PM,YO16,,CA,201609,,HYUN,PA,BL,1310 N AVE 51,675,56,8813B,METER EXPIRED,63,6499701.4,1866537.4
1112109062,2016-01-02T00:00:00,7:00:00 AM,,,CA,201604,,VW,PA,GY,802 WORLD WAY,5M35,2,89355B,METER EXPIRED,63,6439737.8,1802687.4
1112940511,2015-12-09T00:00:00,2:34:00 PM,,,CA,,,BMW,PA,BK,323 E 4TH ST,1FB2,1,8813B,METER EXPIRED,63,99999,99999
1113040390,2016-01-11T00:00:00,2:47:00 PM,LM222,,CA,201601,,BMW,PA,BK,819 N LA BREA AVE,487,54,8813B,METER EXPIRED,63,99999,99999
1113040401,2016-01-11T00:00:00,3:15:00 PM,LM696,,CA,201510,,HOND,PA,SI,150 S LA BREA AVE,487,54,8813B,METER EXPIRED,63,99999,99999
1113860005,2016-01-09T00:00:00,12:55:00 PM,PM48,,CA,201611,,TOYO,PA,GY,3283 MOTOR AV,313W,51,8813B,METER EXPIRED,63,6437152.3,1833390.6
1113860016,2016-01-09T00:00:00,2:25:00 PM,PW437A,,CA,201604,,MERZ,PA,BL,2238 S SEPULVEDA BL,313W,51,8813B,METER EXPIRED,63,6429153.4,1837089.8
1113860020,2016-01-09T00:00:00,2:25:00 PM,PW24,,CA,201607,,RROV,PA,BK,10573 W PICO BL,313W,51,8813B,METER EXPIRED,63,6434087.7,1838645.7
1113860042,2016-01-09T00:00:00,2:31:00 PM,PW327,,CA,201609,,TOYO,PA,WH,10520 W PICO BL,313W,51,8813B,METER EXPIRED,63,99999,99999
1113860053,2016-01-09T00:00:00,2:46:00 PM,PW342,,CA,201607,,TOYO,PA,BK,2370 CAMDEN AV,313W,51,8813B,METER EXPIRED,63,99999,99999
1113860064,2016-01-09T00:00:00,3:02:00 PM,PW340,,CA,201609,,HOND,PA,BK,2370 CAMDEN AV,313W,51,8813B,METER EXPIRED,63,99999,99999
1113860263,2016-01-09T00:00:00,8:35:00 AM,PR344,,CA,201203,,MERZ,PA,BK,1155 S REXFORD DR,313W,51,8813B,METER EXPIRED,63,6442367.6,1843270.5
1113860274,2016-01-09T00:00:00,8:40:00 AM,PR37,,CA,201606,,FORD,PA,WH,1164 S ROBERTSON BL,313W,51,8813B,METER EXPIRED,63,6445444.1,1842829
1113860285,2016-01-09T00:00:00,8:55:00 AM,PR492,,CA,201503,,TOYO,PA,RE,8556 W PICO BL,313W,51,8813B,METER EXPIRED,63,99999,99999
1113860296,2016-01-09T00:00:00,9:14:00 AM,PM19,,CA,201603,,MINI,PA,BL,3347 MOTOR AV,313W,51,8813B,METER EXPIRED,63,6437395.7,1833008.4
1113860300,2016-01-09T00:00:00,9:15:00 AM,PM29,,CA,,,HOND,PA,WH,3380 MOTOR AV,313W,51,8813B,METER EXPIRED,63,6437518.5,1832815.2
1113860311,2016-01-09T00:00:00,9:16:00 AM,PM30,,CA,201605,,TOYO,PA,BK,3380 MOTOR AV,313W,51,8813B,METER EXPIRED,63,6437518.5,1832815.2
1113860322,2016-01-09T00:00:00,9:17:00 AM,PM31A,,CA,201604,,MITS,PA,WH,3356 MOTOR AV,313W,51,8813B,METER EXPIRED,63,99999,99999
1113860333,2016-01-09T00:00:00,9:18:00 AM,PM32,,CA,201603,,LEXU,PA,BL,3340 MOTOR AV,313W,51,8813B,METER EXPIRED,63,6437374,1833042.5
1113860344,2016-01-09T00:00:00,9:20:00 AM,PM37,,CA,201608,,BMW,PA,SI,3312 MOTOR AV,313W,51,8813B,METER EXPIRED,63,6437272.8,1833201.6
1113860355,2016-01-09T00:00:00,9:23:00 AM,PM41,,AZ,201603,,HYUN,VN,BR,3268 1/2 MOTOR AV,313W,51,8813B,METER EXPIRED,63,99999,99999
1113860370,2016-01-09T00:00:00,9:40:00 AM,PW188,,CA,201603,,HOND,PA,SI,2379 WESTWOOD BL,313W,51,8813B,METER EXPIRED,63,6431733.2,1837427.7
1113860381,2016-01-09T00:00:00,9:43:00 AM,PW209,,CA,201611,,BMW,PA,SI,10917 W PICO BL,313W,51,8813B,METER EXPIRED,63,6431363.8,1836980.7
1113860403,2016-01-09T00:00:00,10:00:00 AM,OS858,,IL,,,VOLV,TR,WH,2300 FEDERAL AV,313W,51,8813B,METER EXPIRED,63,6426943.4,1835017
1113860414,2016-01-09T00:00:00,10:01:00 AM,OS855,,IL,,,VOLV,TR,WH,2300 FEDERA AV,313W,51,8813B,METER EXPIRED,63,99999,99999
1113860436,2016-01-09T00:00:00,10:45:00 AM,PR486A,,CA,201605,,BMW,PA,BL,8586 W PICO BL,313W,51,8813B,METER EXPIRED,63,6447059.6,1842157.2
1113860440,2016-01-09T00:00:00,10:58:00 AM,PR390,,CA,201606,,TESL,PA,SI,9553 W PICO BL,313W,51,8813B,METER EXPIRED,63,6441413.5,1842719.4
1113860451,2016-01-09T00:00:00,11:04:00 AM,PW12,,CA,201604,,VOLK,PA,WH,10543 W PICO BL,146,51,8813B,METER EXPIRED,63,6434359,1838831.8
1113860462,2016-01-09T00:00:00,11:10:00 AM,PW51,,CA,201607,,HOND,PA,MA,2366 PELHAM AV,313W,51,8813B,METER EXPIRED,63,6433129.1,1838330.3
1113860473,2016-01-09T00:00:00,11:57:00 AM,PW466,,CA,201608,,TOYO,PA,GY,2456 S OVERLAND AV,313W,51,8813B,METER EXPIRED,63,99999,99999
1113860484,2016-01-09T00:00:00,12:20:00 PM,PM33,,CA,201603,,JEEP,PA,GY,3340 MOTOR AV,313W,51,8813B,METER EXPIRED,63,6437374,1833042.5
1113860495,2016-01-09T00:00:00,12:23:00 PM,PM38,,CA,201609,,FORD,PA,BL,3308 MOTOR AV,313W,51,8813B,METER EXPIRED,63,6437258.4,1833224.3
1113860871,2016-01-08T00:00:00,8:09:00 AM,PW199,,CA,201601,,FORD,PA,BK,10889 W PICO BL,146,51,8813B,METER EXPIRED,63,6431615.9,1837123.2
1113860882,2016-01-08T00:00:00,8:17:00 AM,PW33A,,CA,201606,,KIA,PA,SI,2363 PARNELL AV,146,51,8813B,METER EXPIRED,63,99999,99999
1113860974,2016-01-08T00:00:00,12:53:00 PM,PW117,,CA,201608,,PONT,PA,BK,3333 MOTOR AV,146,51,8813B,METER EXPIRED,63,6437345.1,1833087.9
1109133723,2016-01-07T00:00:00,10:20:00 AM,,,CA,201611,,HOND,PA,RE,11320 CHANDLER,M29,1,8813B,METER EXPIRED,63,99999,99999
1112719624,2016-01-12T00:00:00,8:12:00 AM,LM363,,CA,201603,,TOYO,PA,BL,600 N ALTA VISTA BL,3RD,54,8813B,METER EXPIRED,63,99999,99999
1112719705,2016-01-12T00:00:00,9:58:00 AM,WF530,,CA,201609,,HOND,PA,WH,512 S SAN VICENTE BL,3RD,54,8813B,METER EXPIRED,63,99999,99999
1112722144,2016-01-12T00:00:00,2:43:00 PM,HO209,,CA,201604,,CHEV,PA,SI,1650 N IVAR AVE,487,54,8813B,METER EXPIRED,63,6462322.2,1859195.5
1113033294,2016-01-12T00:00:00,8:06:00 AM,WW269,,CA,201602,,FORD,VN,WH,101 N WESTERN AVE,442,54,8813B,METER EXPIRED,63,99999,99999
1113033305,2016-01-12T00:00:00,8:10:00 AM,WW270,,CA,201610,,FORD,PA,WH,249 S WESTERN AV,442,54,8813B,METER EXPIRED,63,99999,99999
1113041005,2016-01-12T00:00:00,2:04:00 PM,LM844,,CA,201604,,FORD,PA,GY,6715 W MELROSE AV,3RD,54,8813B,METER EXPIRED,63,6458776.6,1852925.7
1113859191,2016-01-11T00:00:00,12:35:00 PM,PR94,,CA,201602,,MITS,PA,GY,1164 S CLARK DR,146,51,8813B,METER EXPIRED,63,6445127.4,1842878.2
1113859213,2016-01-11T00:00:00,12:30:00 PM,PW2,,CA,201601,,TOYO,PA,SI,10509 W PICO BL,146,51,8813B,METER EXPIRED,63,6434688.6,1839057.8
1113859224,2016-01-11T00:00:00,2:23:00 PM,PW219,,CA,,,TESL,PA,BK,2379 KELTON AV,146,51,8813B,METER EXPIRED,63,6431155,1837084.5
1113859235,2016-01-11T00:00:00,2:20:00 PM,PW53,,CA,201604,,FORD,PA,GY,2366 PELHAM AV,146,51,8813B,METER EXPIRED,63,6433129.1,1838330.3
1113859246,2016-01-11T00:00:00,2:30:00 PM,PW210,,CA,201607,,HOND,PA,BR,10921 W PICO BL,146,51,8813B,METER EXPIRED,63,6431315.7,1836953.5
1113862540,2016-01-11T00:00:00,9:50:00 AM,PR749,,CA,201607,,HOND,PA,GR,1401 S HI POINT ST,146,51,8813B,METER EXPIRED,63,6450004.8,1841468.5
1113862713,2016-01-11T00:00:00,11:20:00 AM,PR31,,CA,201604,,TOYO,PA,GY,8771 W PICO BL,146,51,8813B,METER EXPIRED,63,6445638.5,1842488.4
1113862724,2016-01-11T00:00:00,11:28:00 AM,PW19,,CA,201608,,BMW,PA,WH,2379 PROSSER AV,146,51,8813B,METER EXPIRED,63,6434011,1838799.7
1113970830,2016-01-11T00:00:00,2:04:00 PM,OS565,,CA,201606,,TOYO,PA,GY,11731 PICO BLVD,141,51,8813B,METER EXPIRED,63,6426453.9,1834083.5
1112722225,2016-01-13T00:00:00,10:32:00 AM,SV252,,CA,,,HYUN,PA,BK,1400 N WILCOX AVE,487,54,8813B,METER EXPIRED,63,6461455.8,1857539.5
1112722236,2016-01-13T00:00:00,10:37:00 AM,HO275A,,CA,201603,,LROV,PA,GR,6300 SELMA AVE,487,54,8813B,METER EXPIRED,63,6462771.4,1858859.1
1113041171,2016-01-13T00:00:00,1:47:00 PM,SH336,,CA,201603,,INFI,PA,WH,6436 W SANTA MONICA,3RD,54,8813B,METER EXPIRED,63,99999,99999
1113965882,2016-01-12T00:00:00,3:09:00 PM,WS225,,CA,,,SMAR,PA,BL,1717 WESTWOOD BLVD,123,51,8813B,METER EXPIRED,63,99999,99999
1111380885,2016-01-12T00:00:00,9:49:00 AM,ER98,,CA,201611,,TOYO,PA,BL,5058 N EAGLE ROCK BL,675,56,8813B,METER EXPIRED,63,6496806.6,1872813.5
1111380896,2016-01-12T00:00:00,10:08:00 AM,HP155,,CA,201606,,HYUN,SU,GY,APX 110 N AVE 59,675,56,8813B,METER EXPIRED,63,99999,99999
1111380900,2016-01-12T00:00:00,10:12:00 AM,HP145A,,CA,201605,,VOLK,PA,GO,117 N AVE 59,675,56,8813B,METER EXPIRED,63,99999,99999
1111380911,2016-01-12T00:00:00,11:04:00 AM,ER94,,CA,201608,,HYUN,PA,GY,5046 N EAGLE ROCK BL,675,56,8813B,METER EXPIRED,63,6496786.1,1872732.4
1111381025,2016-01-14T00:00:00,9:43:00 AM,YO85,,CA,201605,,TOYO,PA,WH,1258 N AVE 51,672,56,8813B,METER EXPIRED,63,6499655.6,1866339.5
1113040073,2016-01-14T00:00:00,9:27:00 AM,SV885,,CO,201602,,OLDS,PA,WH,6200 LA MIRADA AVE,487,54,8813B,METER EXPIRED,63,6463433.9,1856565.7
1113040095,2016-01-14T00:00:00,9:37:00 AM,SV244A,,CA,201607,,TOYO,PA,WH,1424 N WILCOX AVE,487,54,8813B,METER EXPIRED,63,6461453.8,1857566.2
1113040176,2016-01-14T00:00:00,3:39:00 PM,LM109,,CA,201604,,TOYO,PA,GY,6701 MELROSE AVE,487,54,8813B,METER EXPIRED,63,99999,99999
1113857765,2016-01-13T00:00:00,8:30:00 AM,PM89,,CA,201609,,FORD,PU,BL,3701 DELMAS TER,141,51,8813B,METER EXPIRED,63,6440691.8,1831974.4
1113858863,2016-01-13T00:00:00,1:01:00 PM,WS604,,CA,201701,,TOYO,PA,BL,1701 COMSTOCK AVE,141,51,8813B,METER EXPIRED,63,6433434.1,1844273.8
1113858874,2016-01-13T00:00:00,1:29:00 PM,SS69,,CA,201610,,NISS,PA,BK,1501 BUTLER AVE,141,51,8813B,METER EXPIRED,63,6424470.9,1839671.4
1113858885,2016-01-13T00:00:00,2:13:00 PM,OS709,,CA,,,BMW,PA,BK,2228 PURDUE AVE,141,51,8813B,METER EXPIRED,63,6427442.1,1836106.4
1113858896,2016-01-13T00:00:00,2:17:00 PM,OS757,,OR,201605,,TOYO,PA,WH,2301 CORINTH AVE,141,51,8813B,METER EXPIRED,63,6428078,1835824.7
1113033961,2016-01-16T00:00:00,9:20:00 AM,WW181,,CA,201511,,BMW,PA,WH,N/S 4700 W OAKWOOD,3RD,54,8813B,METER EXPIRED,63,99999,99999
1113041462,2016-01-15T00:00:00,11:20:00 AM,LM604,,FL,201609,,BEND,PA,BK,A/F 175 N DETROIT ST,3RD,54,8813B,METER EXPIRED,63,99999,99999
1113041484,2016-01-15T00:00:00,1:15:00 PM,SVV447A,,CA,,,DODG,PA,SI,A/F 863 N HELIOTROPE,3RD,54,8813B,METER EXPIRED,63,99999,99999
1113857113,2016-01-14T00:00:00,9:03:00 AM,PM104,,CA,201510,,FORD,PA,SI,3701 DUNN DR,141,51,8813B,METER EXPIRED,63,6440064.8,1831801.9
1113857485,2016-01-14T00:00:00,12:15:00 PM,PW363,,CA,201701,,TOYO,PA,CR,2330 S SEPULVEDA BL,146,51,8813B,METER EXPIRED,63,6429528,1836563
1113857496,2016-01-14T00:00:00,12:30:00 PM,OS762,,CA,201601,,BMW,PA,WH,2211 S CORINTH,146,51,8813B,METER EXPIRED,63,99999,99999
1113857500,2016-01-14T00:00:00,1:25:00 PM,PW89,,CA,201608,,LEXU,PA,BK,10789 W PICO BL,146,51,8813B,METER EXPIRED,63,6432227.7,1837469.1
1113857511,2016-01-14T00:00:00,1:26:00 PM,PW340,,CA,201604,,AUDI,PA,WH,2370 CAMDEN AV,146,51,8813B,METER EXPIRED,63,6430260,1836633.6
1113857522,2016-01-14T00:00:00,2:10:00 PM,PW422,,CA,201607,,FORD,PA,WH,11054 W PICO BL,146,51,8813B,METER EXPIRED,63,6430141.7,1836289.8
1113857533,2016-01-14T00:00:00,2:18:00 PM,PW206,,CA,201610,,TOYO,PA,SI,10911 W PICO BL,146,51,8813B,METER EXPIRED,63,6431436.1,1837021.5
1113862746,2016-01-14T00:00:00,1:12:00 PM,PW23,,CA,201611,,TOYO,PA,GY,10573 W PICO BL,146,51,8813B,METER EXPIRED,63,6434087.7,1838645.7
1113966991,2016-01-14T00:00:00,4:20:00 PM,WS61,,CA,201611,,LEXU,PA,GY,1434 WESTWOOD BLVD,123,51,8813B,METER EXPIRED,63,6427973.6,1842652.8
1109571676,2016-01-19T00:00:00,12:06:00 PM,C122,,WA,201609,,TOYO,PA,GO,1110 W 36TH ST,545,55,8813B,METER EXPIRED,63,99999,99999
1109571680,2016-01-19T00:00:00,12:08:00 PM,C124,,CA,201602,,VOLV,PA,BK,1110 W 36TH ST,545,55,8813B,METER EXPIRED,63,99999,99999
1109712940,2016-01-19T00:00:00,2:54:00 PM,,,CA,201612,,CHEV,PA,GY,601 S NEW HAMPSHIRE,,54,8813B,METER EXPIRED,63,99999,99999
1109712951,2016-01-19T00:00:00,3:00:00 PM,VW213,,CA,201609,,,TR,BK,3014 W 7TH ST,,54,8813B,METER EXPIRED,63,99999,99999
1109712962,2016-01-19T00:00:00,3:05:00 PM,VW485,,CA,201602,,MERZ,PA,BK,600 S WILSHIRE PL,,54,8813B,METER EXPIRED,63,6474486.8,1845002.3
1109712973,2016-01-19T00:00:00,3:11:00 PM,VW523,,CA,201612,,FORD,PA,GY,501 S COMMONWEALTH,,54,8813B,METER EXPIRED,63,99999,99999
1109712984,2016-01-19T00:00:00,4:07:00 PM,WA656,,CA,201603,,INFI,PA,GY,601 S CORONADO,,54,8813B,METER EXPIRED,63,99999,99999
1109712995,2016-01-19T00:00:00,4:12:00 PM,WA771,,CA,201606,,TOYO,VN,WH,600 S CARONDELET,,54,8813B,METER EXPIRED,63,6476997.8,1844927.9
1111381106,2016-01-19T00:00:00,9:36:00 AM,ERL6,,CA,201701,,TOYO,PA,BL,APX 5065 N CASPAR AV,675,56,8813B,METER EXPIRED,63,99999,99999
1111381110,2016-01-19T00:00:00,10:43:00 AM,ER100,,CA,201603,,HOND,PA,BK,2156 W COLORADO BL,675,56,8813B,METER EXPIRED,63,6497077.7,1873051.9
1111381121,2016-01-19T00:00:00,11:18:00 AM,ER93,,CA,201604,,MINI,PA,TA,5046 N EAGLE ROCK BL,675,56,8813B,METER EXPIRED,63,6496786.1,1872732.4
1111381132,2016-01-19T00:00:00,11:19:00 AM,ER94,,CA,,,NISS,PA,BK,5046 N EAGLE ROCK BL,675,56,8813B,METER EXPIRED,63,6496786.1,1872732.4
1111392262,2016-01-19T00:00:00,9:22:00 AM,GA162,,CA,201606,,MAZD,PA,SI,3363 GLENDALE BLVD,676,56,8813B,METER EXPIRED,63,99999,99999
1111392273,2016-01-19T00:00:00,9:26:00 AM,GA23,,CA,201607,,NISS,PA,BK,3187 N GLENDALE BLVD,676,56,8813B,METER EXPIRED,63,99999,99999
1111392284,2016-01-19T00:00:00,9:30:00 AM,GA43,,CA,201610,,VOLK,PA,WH,3605 GLENFELIZ BLVD,674,56,8813B,METER EXPIRED,63,6482012.3,1864785.7
1113034031,2016-01-19T00:00:00,10:09:00 AM,WF92,,CA,201611,,BMW,PA,GY,8365 W 3RD ST,3RD,54,8813B,METER EXPIRED,63,99999,99999
1113034042,2016-01-19T00:00:00,10:20:00 AM,LC362,,CA,201609,,MASE,PA,BK,E/S 300 N ALFRED ST,3RD,54,8813B,METER EXPIRED,63,6448007.2,1850267.9
1113034064,2016-01-19T00:00:00,10:25:00 AM,LC394A,,CA,201702,,BENZ,PA,TA,N/S 8400 W OAKWOOD,3RD,54,8813B,METER EXPIRED,63,99999,99999
1113034086,2016-01-19T00:00:00,10:47:00 AM,WF232,,CA,201510,,AUDI,PA,SI,A/F 8129 W 3RD ST,3RD,54,8813B,METER EXPIRED,63,99999,99999
1113034090,2016-01-19T00:00:00,11:15:00 AM,MM203,,CA,201511,,HOND,PA,GY,W/S 600 S DETROIT ST,3RD,54,8813B,METER EXPIRED,63,6457146.2,1846181.4
1113040191,2016-01-19T00:00:00,10:24:00 AM,HO244A,,CA,201005,,FORD,PA,GR,6371 SELMA AVE,487,54,8813B,METER EXPIRED,63,6462066.2,1858855.7
1107630311,2016-01-04T00:00:00,3:35:00 PM,,,CA,201603,,VW,PA,GY,SAN PEDRO N/O 2ND ST,,1,8813B,METER EXPIRED,63,99999,99999
1111058642,2016-01-17T00:00:00,2:11:00 PM,WP163,,CA,201509,,TOYO,PA,BL,3005 DELL AVE,133,51,8813B,METER EXPIRED,63,99999,99999
1113044483,2016-01-19T00:00:00,3:19:00 PM,LM147,,XX,201701,,MAZD,PA,GY,712 N LA BREA AVE,487,54,8813B,METER EXPIRED,63,6457489,1853004.3
1113044494,2016-01-20T00:00:00,9:34:00 AM,SV886,,OH,201604,,TOYO,PA,BK,6200 LA MIRADA AVE,487,54,8813B,METER EXPIRED,63,6463433.9,1856565.7
1113856914,2016-01-15T00:00:00,10:09:00 AM,WS308,,CA,201612,,FORD,PA,GY,1201 CENTINELA AVE,141,51,8813B,METER EXPIRED,63,6419010.9,1837758.6
1113856973,2016-01-15T00:00:00,2:07:00 PM,OS105,,CA,201603,,LEXU,PA,GY,11300 OLYMPIC BLVD,141,51,8813B,METER EXPIRED,63,6427981.6,1836572.6
1113857555,2016-01-15T00:00:00,8:05:00 AM,PW363,,NV,201611,,DODG,PA,GR,2336 S SEPULVEDA BL,146,51,8813B,METER EXPIRED,63,6429555.7,1836524.1
1113857566,2016-01-15T00:00:00,8:08:00 AM,PW198,,CA,201608,,ACUR,PA,WH,10885 W PICO BL,146,51,8813B,METER EXPIRED,63,6431639.7,1837136.7
1113857570,2016-01-15T00:00:00,8:13:00 AM,PW197,,CA,201611,,PORS,PA,SI,10875 W PICO BL,146,51,8813B,METER EXPIRED,63,6431699.3,1837170.3
1113857581,2016-01-15T00:00:00,8:16:00 AM,PW208,,CA,201612,,BMW,PA,WH,10915 W PICO BL,146,51,8813B,METER EXPIRED,63,6431387.9,1836994.3
1113857592,2016-01-15T00:00:00,8:36:00 AM,PW195,,CA,201608,,FORD,PA,GY,10871 W PICO BL,146,51,8813B,METER EXPIRED,63,6431723.1,1837183.8
1113857603,2016-01-15T00:00:00,8:47:00 AM,PW210,,CA,201509,,MERZ,PA,BK,10925 W PICO BL,146,51,8813B,METER EXPIRED,63,6431267.6,1836926.3
1113857614,2016-01-15T00:00:00,9:32:00 AM,PW220,,CA,,,RROV,PA,BK,10937 W PICO BL,146,51,8813B,METER EXPIRED,63,6431182.8,1836878.4
1113857636,2016-01-15T00:00:00,9:55:00 AM,PW26,,CA,201606,,AUDI,PA,BK,10581 W PICO BL,146,51,8813B,METER EXPIRED,63,6434010.7,1838592.9
1113857640,2016-01-15T00:00:00,9:57:00 AM,PW77,,CA,201604,,BMW,PA,BL,10745 W PICO BL,146,51,8813B,METER EXPIRED,63,6432585.3,1837671.2
1113857673,2016-01-15T00:00:00,10:46:00 AM,PR160,,CA,201605,,HOND,PA,SI,1445 S ROBERTSON BL,146,51,8813B,METER EXPIRED,63,6445380.8,1842052.1
1113857684,2016-01-15T00:00:00,10:55:00 AM,RS89,,FL,201605,,HOND,VN,WH,2701 S ROBERTSON BL,146,51,8813B,METER EXPIRED,63,99999,99999
1113857695,2016-01-15T00:00:00,11:08:00 AM,RS6,,CA,201609,,LEXU,PA,SI,2822 S ROBERTSON BL,146,51,8813B,METER EXPIRED,63,6443804.7,1835699.5
1113857710,2016-01-15T00:00:00,1:19:00 PM,PW414,,CA,,,GMC,PA,BK,11070 W PICO BL,146,51,8813B,METER EXPIRED,63,6430033.7,1836228.7
1113857721,2016-01-15T00:00:00,1:58:00 PM,PR161,,CA,201603,,GMC,,WH,1445 S ROBERTSON BL,146,51,8813B,METER EXPIRED,63,6445380.8,1842052.1
1113857732,2016-01-15T00:00:00,2:03:00 PM,PR813,,CA,201610,,FORD,VN,WH,8800 PICKFORD ST,146,51,8813B,METER EXPIRED,63,6445249.8,1841020.1
1113857743,2016-01-15T00:00:00,2:20:00 PM,PR57,,CA,201608,,NISS,PA,GR,1108 S ROBERTSON BL,146,51,8813B,METER EXPIRED,63,6445455,1843314.1
1113871264,2016-01-18T00:00:00,9:56:00 AM,WP76,,CA,201506,,BMW,PA,SI,330 E WASHINGTON BL,207W,51,8813B,METER EXPIRED,63,99999,99999
1113871275,2016-01-18T00:00:00,9:59:00 AM,WP182,,CA,201611,,VOLK,PA,WH,534 E WASHINGTON BL,207W,51,8813B,METER EXPIRED,63,6482814.9,1833015.3
1113871286,2016-01-18T00:00:00,10:03:00 AM,WP10,,CA,201611,,TOYO,PA,GY,325 E WASHINGTON BL,146,51,8813B,METER EXPIRED,63,99999,99999
1113871290,2016-01-18T00:00:00,10:07:00 AM,WP65,,CA,201511,,TOYO,PA,GR,108 E WASHINGTON BL,207W,51,8813B,METER EXPIRED,63,99999,99999
1113871334,2016-01-18T00:00:00,11:37:00 AM,V78,,CA,201608,,HYUN,PA,BK,105 E VENICE WAY,207W,51,8813B,METER EXPIRED,63,99999,99999
1113871345,2016-01-18T00:00:00,11:45:00 AM,WP165,,CA,201606,,MAZD,PA,GY,3008 SANBORN AV,207W,51,8813B,METER EXPIRED,63,99999,99999
1113871356,2016-01-18T00:00:00,11:47:00 AM,WP66,,CA,201602,,HOND,PA,SI,108 E WASHINGTON BL,207W,51,8813B,METER EXPIRED,63,99999,99999
1113871360,2016-01-18T00:00:00,11:49:00 AM,WP71,,CA,201603,,HOND,PA,BR,310 E WASHINGTON BL,207W,51,8813B,METER EXPIRED,63,6420885.4,1815605.9
1113871371,2016-01-18T00:00:00,12:02:00 PM,V210,,CA,,,TOYO,PA,SI,APX 1514 PARK ROW ST,207W,51,8813B,METER EXPIRED,63,99999,99999
1113871404,2016-01-18T00:00:00,12:17:00 PM,V67,,CA,201604,,TOYO,PA,BK,53 N VENICE BL,207W,51,8813B,METER EXPIRED,63,99999,99999
1113871415,2016-01-18T00:00:00,12:20:00 PM,WP66A,,CA,201604,,TOYO,PA,GY,114 E WASHINGTON BL,207W,51,8813B,METER EXPIRED,63,6420619.7,1815418.6
1113871426,2016-01-18T00:00:00,12:40:00 PM,WP162,,CA,201602,,PORS,PA,BK,3008 DELL AV,207W,51,8813B,METER EXPIRED,63,6421016.1,1815995.9
1113871430,2016-01-18T00:00:00,2:00:00 PM,WP3,,CA,201606,,LROV,PA,BK,335 E WASHINGTON BL,207W,51,8813B,METER EXPIRED,63,99999,99999
1113871441,2016-01-18T00:00:00,2:10:00 PM,V101,,CA,201601,,ACUR,PA,WH,1720 S MAIN ST,207W,51,8813B,METER EXPIRED,63,99999,99999
1113871452,2016-01-18T00:00:00,2:12:00 PM,V102,,CA,201605,,JEEP,PA,WH,1720 S MAIN ST,207W,51,8813B,METER EXPIRED,63,99999,99999
1113871463,2016-01-18T00:00:00,2:25:00 PM,WP137,,TX,201512,,MAZD,PA,SI,475 E WASHINGTON BL,207W,51,8813B,METER EXPIRED,63,6482721.9,1833067.8
1113871474,2016-01-18T00:00:00,2:28:00 PM,WP1,,CA,201609,,HYUN,PA,GY,334 E WASHINGTON BL,207W,51,8813B,METER EXPIRED,63,99999,99999
1113871485,2016-01-18T00:00:00,2:35:00 PM,WP163,,NY,201706,,CHEV,PA,SI,3009 DELL AV,207W,51,8813B,METER EXPIRED,63,99999,99999
1113871496,2016-01-18T00:00:00,2:37:00 PM,WP9,,CA,201612,,ACUR,PA,GY,325 E WASHINGTON BL,207W,51,8813B,METER EXPIRED,63,99999,99999
1113044623,2016-01-21T00:00:00,10:52:00 AM,SV789A,,CA,201609,,NISS,PA,WH,6806 LEXINGTON AVE,487,54,8813B,METER EXPIRED,63,6459073.3,1856245.2
1113044693,2016-01-21T00:00:00,12:13:00 PM,LM693,,CA,201701,,LROV,PA,SI,160 S LA BREA AVE,487,54,8813B,METER EXPIRED,63,6457481.3,1848771.7
1113044704,2016-01-21T00:00:00,12:47:00 PM,LM182,,CA,201603,,HOND,PA,GY,7000 WILLOUGHBY AVE,487,54,8813B,METER EXPIRED,63,6458235.2,1854249.1
1113044715,2016-01-21T00:00:00,12:54:00 PM,SH111,,OH,201609,,TOYO,PA,BK,1125 N MCCADDEN PL,487,54,8813B,METER EXPIRED,63,6459499,1855732.1
1113044763,2016-01-21T00:00:00,9:33:00 AM,WF230,,CA,201609,,AUDI,PA,BR,8128 W 3RD ST,3RD,54,8813B,METER EXPIRED,63,99999,99999
1113044796,2016-01-21T00:00:00,10:36:00 AM,MM420,,CA,201608,,FORD,PA,TA,A/F 5901 W 6TH ST,3RD,54,8813B,METER EXPIRED,63,99999,99999
1103326976,2016-01-22T00:00:00,4:38:00 PM,CT601,,SC,201605,,HOND,PA,BK,700 W BARTLETT ST,645B,56,8813B,METER EXPIRED,63,99999,99999
1103326980,2016-01-22T00:00:00,4:50:00 PM,CC1362,,CA,,,GMC,TR,GY,900 W 2ND ST,645B,56,8813B,METER EXPIRED,63,99999,99999
1109414025,2016-01-23T00:00:00,11:55:00 AM,CB3944,,CA,201603,,CHEV,PA,BK,350 WINSTON ST,602,56,8813B,METER EXPIRED,63,6487658.8,1838938.3
1109414036,2016-01-23T00:00:00,11:59:00 AM,CB3952,,CA,,,NISS,PA,BL,335 WINSTON ST,602,56,8813B,METER EXPIRED,63,6487571.8,1838972.9
1109414062,2016-01-23T00:00:00,12:27:00 PM,LT409,,CA,201604,,HOND,PA,GY,300 CROCKER ST,602,56,8813B,METER EXPIRED,63,6488903.3,1839337.5
1109414073,2016-01-23T00:00:00,12:45:00 PM,CB3056,,CA,201603,,HOND,PA,BK,237 E 4TH ST,602,56,8813B,METER EXPIRED,63,99999,99999
1109414084,2016-01-23T00:00:00,12:54:00 PM,CC1258,,CA,201509,,MITS,PA,GR,333 S LOS ANGELES ST,602,56,8813B,METER EXPIRED,63,99999,99999
1109414106,2016-01-23T00:00:00,12:58:00 PM,CC1223,,CA,201603,,MERC,PA,WH,329 S LOS ANGELES ST,602,56,8813B,METER EXPIRED,63,99999,99999
1109414110,2016-01-23T00:00:00,1:01:00 PM,LT16,,CA,201606,,TOYO,PA,GY,200 E 3RD ST,602,56,8813B,METER EXPIRED,63,99999,99999
1111393124,2016-01-22T00:00:00,10:10:00 AM,YO83,,CA,201608,,FORD,SU,BK,1258 N AVE 51,672,56,8813B,METER EXPIRED,63,6499655.6,1866339.5
1111393135,2016-01-22T00:00:00,10:27:00 AM,ER88,,CA,201612,,GMC,TR,WH,2115 W MERTON ST,672,56,8813B,METER EXPIRED,63,99999,99999
1111393146,2016-01-22T00:00:00,10:30:00 AM,ER108,,CA,201611,,LEXU,PA,RE,APX 5081 N CASPAR AV,672,56,8813B,METER EXPIRED,63,99999,99999
1111393161,2016-01-22T00:00:00,11:43:00 AM,ERL27,,CA,201607,,HOND,PA,GY,5065 N CASPAR AV,672,56,8813B,METER EXPIRED,63,6497186.4,1872807.3
1113034252,2016-01-23T00:00:00,1:40:00 PM,H0667,,CA,201609,,TOYO,PA,RE,1700 N CHEROKEE AVE,474,54,8813B,METER EXPIRED,63,6460327.1,1859514.2
1113036256,2016-01-23T00:00:00,8:12:00 AM,SVV97,,CA,201604,,AUDI,PA,BK,1014 N VERMONT AVE,487,54,8813B,METER EXPIRED,63,99999,99999
1113036260,2016-01-23T00:00:00,8:17:00 AM,VS537A,,CA,201605,,FORD,PA,SI,4700 LEXINGTON AVE,474,54,8813B,METER EXPIRED,63,6473337.8,1856516.8
1113036271,2016-01-23T00:00:00,8:20:00 AM,VS510,,CA,201609,,TOYO,PA,BK,4806 FOUNTAIN AVE,474,54,8813B,METER EXPIRED,63,6472732.8,1857256.6
1113036282,2016-01-23T00:00:00,8:23:00 AM,VS467,,CA,201606,,HOND,PA,BK,4849 FOUNTAIN AVE,474,54,8813B,METER EXPIRED,63,99999,99999
1113036293,2016-01-23T00:00:00,8:27:00 AM,VS294,,CA,201601,,JEEP,PA,GY,5121 SUNSET BLVD,474,54,8813B,METER EXPIRED,63,99999,99999
1113036304,2016-01-23T00:00:00,8:33:00 AM,HW128,,CA,201606,,MITS,PA,SI,5401 SUNSET BLVD,487,54,8813B,METER EXPIRED,63,99999,99999
1113036315,2016-01-23T00:00:00,8:34:00 AM,HW134,,CA,201605,,HOND,PA,SI,5419 SUNSET BLVD,474,54,8813B,METER EXPIRED,63,6468583.7,1858227.6
1113036326,2016-01-23T00:00:00,8:40:00 AM,HW408,,CA,201601,,GMC,TR,BK,1733 N WESTERN AVE,487,54,8813B,METER EXPIRED,63,99999,99999
1113036330,2016-01-23T00:00:00,8:42:00 AM,HW415,,CA,201608,,HYUN,PA,SI,5527 HOLLYWOOD AVE,487,54,8813B,METER EXPIRED,63,99999,99999
1113036341,2016-01-23T00:00:00,8:44:00 AM,HW422,,CA,201609,,FORD,PA,WH,5551 HOLLYWOOD BLVD,474,54,8813B,METER EXPIRED,63,6467588.2,1859546.8
1113036411,2016-01-23T00:00:00,9:32:00 AM,WF362,,CA,201607,,MINI,PA,GY,567 S FAIRFAX AVE,474,54,8813B,METER EXPIRED,63,99999,99999
1113036444,2016-01-23T00:00:00,10:15:00 AM,LM672,,CA,201611,,TOYO,PA,SI,260 S LA BREA AVE,474,54,8813B,METER EXPIRED,63,99999,99999
1113036481,2016-01-23T00:00:00,12:14:00 PM,LM797,,CA,201605,,NISS,PA,GY,600 N LA BREA AVE,474,54,8813B,METER EXPIRED,63,99999,99999
1113036492,2016-01-23T00:00:00,1:31:00 PM,SV605,,OR,201706,,FORD,PA,BK,1500 N LAS PALMAS,474,54,8813B,METER EXPIRED,63,6459850.1,1858208.2
1113044925,2016-01-22T00:00:00,8:51:00 AM,BF655,,CA,201603,,HYUN,PA,SI,600 N FLORES ST,3RD,54,8813B,METER EXPIRED,63,99999,99999
1113045124,2016-01-22T00:00:00,1:57:00 PM,WW2623,,CA,201605,,AUDI,PA,GY,2445 OXFORD AV,3RD,54,8813B,METER EXPIRED,63,99999,99999
1113855422,2016-01-20T00:00:00,11:53:00 AM,PW413B,,CA,201611,,NISS,PA,BK,2401 SEPULVEDA BLVD,141,51,8813B,METER EXPIRED,63,6415564.9,1864322.2
1113870004,2016-01-21T00:00:00,12:55:00 PM,PR376A,,CA,201610,,NISS,PA,GY,1139 S BEVERLY DR,146,51,8813B,METER EXPIRED,63,6441567.2,1843313.4
1113870015,2016-01-21T00:00:00,1:04:00 PM,PR23A,,CA,201609,,MBNZ,PA,SI,1221 S WOOSTER ST,146,51,8813B,METER EXPIRED,63,6445784.5,1842822.1
1113870026,2016-01-21T00:00:00,1:10:00 PM,PR116,,CA,201608,,PORS,PA,SI,8955 W PICO BL,146,51,8813B,METER EXPIRED,63,6444361.1,1842721.7
1113870030,2016-01-21T00:00:00,1:24:00 PM,PW226,,CA,201608,,MBNZ,PA,SI,10961 W PICO BL,146,51,8813B,METER EXPIRED,63,6430964,1836754.5
1113870041,2016-01-21T00:00:00,2:28:00 PM,PW255,,CA,201611,,TOYO,PA,GY,10922 1/2 W PICO BL,146,51,8813B,METER EXPIRED,63,99999,99999
1113870505,2016-01-20T00:00:00,2:47:00 PM,PW342,,CA,,,LEXU,PA,SI,2382 CAMDEN AV,146,51,8813B,METER EXPIRED,63,99999,99999
1113870715,2016-01-21T00:00:00,12:30:00 PM,PW423,,CA,201609,,MAZD,PA,GR,11040 W PICO BL,146,51,8813B,METER EXPIRED,63,6430292.7,1836375.2
1113870730,2016-01-21T00:00:00,12:37:00 PM,PW33A,,NJ,,,GMC,PA,BK,2359 PARNELL AVE,146,51,8813B,METER EXPIRED,63,99999,99999
1113870741,2016-01-21T00:00:00,12:47:00 PM,PR410,,CA,201701,,LINC,PA,BK,9548 W PICO BL,146,51,8813B,METER EXPIRED,63,6441435.6,1842720.6
1113871161,2016-01-20T00:00:00,11:29:00 AM,PW199,,CA,201605,,INFI,PA,BR,10889 W PICO BL,146,51,8813B,METER EXPIRED,63,6431615.9,1837123.2
1113871172,2016-01-20T00:00:00,11:37:00 AM,PW448,,WA,201608,,OLDS,PA,WH,2335 COTNER AV,146,51,8813B,METER EXPIRED,63,99999,99999
1113871183,2016-01-20T00:00:00,11:35:00 AM,PW450,,CA,201603,,HOND,PA,GY,2335 COTNER AV,146,51,8813B,METER EXPIRED,63,99999,99999
1113871205,2016-01-20T00:00:00,1:40:00 PM,PW435,,CA,201607,,LEXU,PA,WH,2234 S SEPULVEDA BL,146,51,8813B,METER EXPIRED,63,6429137.7,1837111.9
1113871216,2016-01-20T00:00:00,1:47:00 PM,PW250,,VA,201603,,FORD,PA,BK,10924 W PICO BL,146,51,8813B,METER EXPIRED,63,6431289.8,1836938.8
1113871220,2016-01-20T00:00:00,1:50:00 PM,PW279,,CA,201605,,TOYO,PA,WH,10662 W PICO BL,146,51,8813B,METER EXPIRED,63,99999,99999
1113871231,2016-01-20T00:00:00,1:52:00 PM,PW323,,CA,201606,,HYUN,PA,BK,10530 W PICO BL,146,51,8813B,METER EXPIRED,63,99999,99999
1113871242,2016-01-20T00:00:00,2:40:00 PM,PW341,,CA,201602,,BMW,PA,BK,2384 CAMDEN AV,146,51,8813B,METER EXPIRED,63,99999,99999
1113871695,2016-01-21T00:00:00,5:31:00 PM,BW78,,CA,201604,,NISS,PA,GY,175 S BARRINGTON,123,51,8813B,METER EXPIRED,63,99999,99999
1105118372,2016-01-25T00:00:00,3:57:00 PM,WU435,,CA,,,GMC,PA,WH,600 S WITMER ST,641,56,8813B,METER EXPIRED,63,6481232.2,1842682.7
1107446605,2016-01-25T00:00:00,11:43:00 AM,BF436,,NJ,201807,,KIA,PA,BK,W/S 100 N EDINBURGH,3RD,54,8813B,METER EXPIRED,63,99999,99999
1109604683,2015-12-07T00:00:00,2:57:00 PM,C402,,CA,201603,,TOYO,PA,WH,400 W 37TH PL,541,55,8813B,METER EXPIRED,63,99999,99999
1110819754,2016-01-25T00:00:00,10:23:00 AM,MV144,,CA,201215,,NISS,PA,SI,3838 CENTINELA AVE,301,51,8813B,METER EXPIRED,63,6430481.2,1823652.3
1110819765,2016-01-23T00:00:00,10:29:00 AM,,,CA,201606,,TOYO,PA,BK,1222 VENICE BL,,51,8813B,METER EXPIRED,63,99999,99999
1111375834,2016-01-25T00:00:00,12:15:00 PM,LT180,,MO,201607,,MERC,PA,BK,227 E 2ND ST,657,56,8813B,METER EXPIRED,63,6488079.7,1840674.8
1111375845,2016-01-25T00:00:00,12:19:00 PM,LT31,,CA,201603,,LEXU,PA,BK,244 S SAN PEDRO ST,657,56,8813B,METER EXPIRED,63,99999,99999
1111375856,2016-01-25T00:00:00,12:23:00 PM,LT60A,,CA,201607,,NISS,PA,WH,371 E 2ND ST,657,56,8813B,METER EXPIRED,63,99999,99999
1113034355,2016-01-25T00:00:00,10:53:00 AM,BP523,,CA,201605,,NISS,PA,BK,309 N OGDEN DR,474,54,8813B,METER EXPIRED,63,99999,99999
1113034366,2016-01-25T00:00:00,11:00:00 AM,BF422,,CA,201609,,HOND,PA,GY,100 N LAUREL AVE,474,54,8813B,METER EXPIRED,63,6451208.2,1849617.8
1113034370,2016-01-25T00:00:00,11:07:00 AM,LC291,,CA,201511,,AUDI,PA,SI,8201 BEVERLY BLVD,474,54,8813B,METER EXPIRED,63,6450240.9,1850271.6
1113034392,2016-01-25T00:00:00,11:12:00 AM,LC330,,CA,,,DODG,PA,GY,300 N KINGS RD,474,54,8813B,METER EXPIRED,63,99999,99999
1113045183,2016-01-25T00:00:00,10:05:00 AM,RA55,,CA,201605,,NISS,PA,WH,125 N ROBERTSON BL,3RD,54,8813B,METER EXPIRED,63,99999,99999
1113045216,2016-01-25T00:00:00,10:23:00 AM,RA127,,CA,,,FIAT,PA,WH,310 S ROBERTSON BL,3RD,54,8813B,METER EXPIRED,63,99999,99999
1113046793,2016-01-25T00:00:00,1:37:00 PM,SH210,,CA,,,CHEV,PA,BL,1000 N MANSFIELD AVE,474,54,8813B,METER EXPIRED,63,99999,99999
1113866272,2016-01-25T00:00:00,1:04:00 PM,OS167,,CA,201608,,HOND,PA,MA,2200 CORINTH AVE,141,51,8813B,METER EXPIRED,63,6427692.6,1836366.8
1113866283,2016-01-25T00:00:00,2:31:00 PM,OS583,,CA,201612,,FORD,PU,WH,11756 PICO BLVD,141,51,8813B,METER EXPIRED,63,6426305.7,1833996.1
1113869256,2016-01-23T00:00:00,11:57:00 AM,PR484,,CA,,,CADI,PA,BK,8600 W PICO BL,146,51,8813B,METER EXPIRED,63,6447015.6,1842167.4
1113869315,2016-01-23T00:00:00,3:06:00 PM,PR172,,CA,201608,,LEXU,PA,GY,1490 S ROBERTSON BL,146,51,8813B,METER EXPIRED,63,6445332.5,1841671.9
1113869326,2016-01-23T00:00:00,3:10:00 PM,PR164,,CA,201610,,TOYO,PA,OR,1451 S ROBERTSON BL,146,51,8813B,METER EXPIRED,63,6445372.7,1841988.3
1113869330,2016-01-23T00:00:00,3:15:00 PM,PR92,,CA,201603,,HOND,PA,SI,8835 W PICO BL,146,51,8813B,METER EXPIRED,63,6445214.8,1842587.4
1113869341,2016-01-23T00:00:00,3:22:00 PM,PW8A,,CA,201609,,TOYO,PA,RE,10521 W PICO BL,146,51,8813B,METER EXPIRED,63,6434572.3,1838978
1113869912,2016-01-25T00:00:00,12:43:00 PM,PW315,,CA,201611,,LEXU,PA,SI,2401 PROSSER AVE,146,51,8813B,METER EXPIRED,63,6434106.9,1838658.9
1113869923,2016-01-25T00:00:00,2:31:00 PM,PW324,,CA,201607,,JEEP,PA,WH,10530 W PICO BL,146,51,8813B,METER EXPIRED,63,6434475.3,1838911.6
1113870096,2016-01-22T00:00:00,8:44:00 AM,,,AZ,201601,,CHEV,PA,RE,1608 SAWTELLE BL,146,51,8813B,METER EXPIRED,63,6425710.2,1839765.8
1113870133,2016-01-22T00:00:00,10:30:00 AM,PM234,,CA,201508,,NISS,PA,BK,3765 MOTOR AV,146,51,8813B,METER EXPIRED,63,6439055.8,1830398.9
1113870192,2016-01-25T00:00:00,9:36:00 AM,PW247,,CA,201610,,TOYO,PA,BK,10942 W PICO BL,146,51,8813B,METER EXPIRED,63,99999,99999
1113870203,2016-01-25T00:00:00,9:53:00 AM,PR488,,CA,201612,,BMW,PA,BK,8574 W PICO BL,146,51,8813B,METER EXPIRED,63,6447103.5,1842147
1113872421,2016-01-24T00:00:00,5:15:00 PM,WV151,,CA,201602,,BMW,PA,GY,918 S LEVERING AVE,123,51,8813B,METER EXPIRED,63,99999,99999
1113872443,2016-01-24T00:00:00,5:18:00 PM,WV13,,CA,201604,,TOYO,PA,GY,901 S LEVERING AVE,123,51,8813B,METER EXPIRED,63,6425660.4,1845806.6
1113962135,2016-01-23T00:00:00,8:17:00 AM,PM41,,CA,,,MBNZ,PA,GY,3268 1/2 MOTOR AV,146,51,8813B,METER EXPIRED,63,6437097.7,1833495.2
1113962146,2016-01-23T00:00:00,8:18:00 AM,PM39,,CA,201605,,HOND,PA,BR,3270 MOTOR AVE,146,51,8813B,METER EXPIRED,63,99999,99999
1113962150,2016-01-23T00:00:00,8:19:00 AM,PM48,,CA,201701,,KIA,PA,BR,3283 MOTOR AV,146,51,8813B,METER EXPIRED,63,6437152.3,1833390.6
1113962161,2016-01-23T00:00:00,8:22:00 AM,PM14,,VA,201408,,HOND,PA,GY,3333 MOTOR AV,146,51,8813B,METER EXPIRED,63,6437345.1,1833087.9
1113962183,2016-01-23T00:00:00,9:45:00 AM,MV244,,CA,201607,,TOYO,PA,WH,12006 VENICE BL,146,51,8813B,METER EXPIRED,63,6431676.8,1824879.8
1113962194,2016-01-23T00:00:00,10:08:00 AM,PR96,,CA,201608,,DODG,PA,GY,1162 S CLARK DR,146,51,8813B,METER EXPIRED,63,6445127.8,1842894
1113962205,2016-01-23T00:00:00,10:25:00 AM,PR242,,CA,201512,,BMW,PA,BK,9017 W PICO BL,146,51,8813B,METER EXPIRED,63,6444087.7,1842721.9
1113962216,2016-01-23T00:00:00,10:29:00 AM,PR246,,CA,201610,,TOYO,PA,WH,9029 W PICO BL,146,51,8813B,METER EXPIRED,63,6444010.2,1842722
1113962220,2016-01-23T00:00:00,10:30:00 AM,PR247,,CA,201608,,AUDI,PA,BK,9031 W PICO BL,146,51,8813B,METER EXPIRED,63,6443997.3,1842722
1113962231,2016-01-23T00:00:00,10:45:00 AM,PR173,,CA,201608,,TOYO,PA,BK,1482 S ROBERTSON BL,146,51,8813B,METER EXPIRED,63,6445340.9,1841738
1113962242,2016-01-23T00:00:00,11:50:00 AM,PR573,,CA,201610,,MBNZ,PA,BK,5915 W PICO BL,146,51,8813B,METER EXPIRED,63,99999,99999
1107446653,2016-01-26T00:00:00,11:50:00 AM,,,CA,201609,,BENZ,PA,SI,149 S LA BREA AV,3RD,54,8813B,METER EXPIRED,63,6457481.5,1848884.7
1110819776,2016-01-26T00:00:00,2:14:00 PM,PR72,,CA,201607,,HYUN,PA,WH,1141 S ROBERTSON BL,146,51,8813B,METER EXPIRED,63,6445448.8,1843036.9
1110819780,2016-01-26T00:00:00,2:41:00 PM,PW4379,,CA,201607,,TOYO,PA,GY,2238 S SEPULVEDA BL,146,51,8813B,METER EXPIRED,63,6429153.4,1837089.8
1113034215,2016-01-26T00:00:00,10:42:00 AM,LM644,,CA,201512,,HOND,PA,BK,135 S LA BREA AV,3RD,54,8813B,METER EXPIRED,63,99999,99999
1113034226,2016-01-26T00:00:00,10:47:00 AM,MM515,,CA,201603,,JEEP,PA,BK,5818 W 3RD ST,3RD,54,8813B,METER EXPIRED,63,99999,99999
1113034230,2016-01-26T00:00:00,11:04:00 AM,WF10,,CA,201605,,TOYO,PA,SI,8014 W 3RD ST,3RD,54,8813B,METER EXPIRED,63,99999,99999
1113034241,2016-01-26T00:00:00,11:12:00 AM,LC157,,CA,,,FORD,PA,WH,100 N CROFT AV,3RD,54,8813B,METER EXPIRED,63,99999,99999
1113042954,2016-01-26T00:00:00,8:14:00 AM,WW1923,,CA,201610,,ACUR,PA,BE,801 S IROLO ST,440,54,8813B,METER EXPIRED,63,99999,99999
1113046874,2016-01-26T00:00:00,8:10:00 AM,SV885,,CA,201701,,HYUN,PA,BK,6200 LA MIRADA AVE,443,54,8813B,METER EXPIRED,63,6463433.9,1856565.7
1113046885,2016-01-26T00:00:00,8:13:00 AM,SV,,CA,201608,,FORD,TR,WH,6200 AFTON PL,443,54,8813B,METER EXPIRED,63,6463548.4,1857217.5
1113046896,2016-01-26T00:00:00,8:33:00 AM,HW467,,MD,201605,,NISS,PA,WH,5660 HOLLYWOOD BL,443,54,8813B,METER EXPIRED,63,99999,99999
1113864415,2016-01-26T00:00:00,6:13:00 PM,WS288,,CA,201608,,HOND,PA,GY,2088 S WESTWOOD BL,201,51,8813B,METER EXPIRED,63,99999,99999
1113896932,2016-01-26T00:00:00,7:43:00 PM,W102,,CA,201609,,,PA,,5901 W 98TH ST,204B,51,8813B,METER EXPIRED,63,6444605.4,1803444.3
1113896943,2016-01-26T00:00:00,7:45:00 PM,W113,,CA,201608,,CHRY,PA,MA,5901 W 98TH ST,204B,51,8813B,METER EXPIRED,63,6444605.4,1803444.3
1110601752,2016-01-26T00:00:00,11:17:00 AM,ER90,,CA,201610,,KIA,PA,GY,APX 2115 W MERTON AV,675,56,8813B,METER EXPIRED,63,99999,99999
1110601763,2016-01-26T00:00:00,11:21:00 AM,ER106,,CA,201512,,LEXU,SU,GO,APX 5081 N CASPAR AV,675,56,8813B,METER EXPIRED,63,99999,99999
1110601796,2016-01-26T00:00:00,2:10:00 PM,ERL24,,CA,201606,,MINI,PA,GY,APX 5065 N CASPAR AV,675,56,8813B,METER EXPIRED,63,99999,99999
1110602010,2016-01-27T00:00:00,9:43:00 AM,ER107,,CA,201606,,SUBA,SU,GY,5281 N CASPAR AV,673,56,8813B,METER EXPIRED,63,99999,99999
1110602032,2016-01-27T00:00:00,11:04:00 AM,ER107,,CA,201606,,,PA,GY,APX 5081 N CASPAR AV,673,56,8813B,METER EXPIRED,63,99999,99999
1113037785,2016-01-27T00:00:00,12:00:00 PM,LM735,,CA,201608,,BENZ,PA,SI,322 N LA BREA AVE,443,54,8813B,METER EXPIRED,63,99999,99999
1113047386,2016-01-27T00:00:00,8:32:00 AM,SV885,,CA,201603,,FORD,PA,BK,6200 LA MIRADA AVE,443,54,8813B,METER EXPIRED,63,6463433.9,1856565.7
1113047390,2016-01-27T00:00:00,8:35:00 AM,SV416,,GA,201604,,FORD,PA,SI,1240 N VINE ST,443,54,8813B,METER EXPIRED,63,6462773.6,1856603.3
1113047401,2016-01-27T00:00:00,9:10:00 AM,SH214A,,CO,201612,,TOYO,PA,GY,1000 N MANSFIELD AVE,443,54,8813B,METER EXPIRED,63,6458590.4,1854909.9
1113037800,2016-01-28T00:00:00,8:05:00 AM,SVV43,,CA,201605,,TOYO,PA,WH,741 N VERMONT AVE,443,54,8813B,METER EXPIRED,63,6473337.3,1853327.1
1113037811,2016-01-28T00:00:00,8:10:00 AM,VS535,,OK,201611,,VOLV,PA,BK,4700 LEXINGTON AVE,443,54,8813B,METER EXPIRED,63,6473337.8,1856516.8
1113037833,2016-01-28T00:00:00,8:20:00 AM,VH77,,KS,201609,,AUDI,PA,BK,4600 RUSSELL AVE,443,54,8813B,METER EXPIRED,63,6474000.3,1860540.6
1113037844,2016-01-28T00:00:00,8:31:00 AM,VS557,,CA,201604,,MERC,PA,BK,1525 KENMORE AVE,443,54,8813B,METER EXPIRED,63,6471681.9,1858388.6
1113037866,2016-01-28T00:00:00,10:20:00 AM,BF746,,CA,201601,,FORD,TR,BL,838 N FAIRFAX AVE,443,54,8813B,METER EXPIRED,63,99999,99999
1113037940,2016-01-28T00:00:00,3:57:00 PM,SH195,,CA,201607,,SUBA,PA,BR,1050 N ORANGE DR,443,54,8813B,METER EXPIRED,63,6458237.5,1855244.9
1113864146,2016-01-27T00:00:00,4:31:00 PM,WS92,,CA,201605,,BMW,PA,WH,10888 WELLWORTH AVE,201,51,8813B,METER EXPIRED,63,6427650.4,1843440.1
1113864172,2016-01-27T00:00:00,5:40:00 PM,WS12,,CA,201702,,HOND,PA,WH,1728 WESTWOOD BLVD,201,51,8813B,METER EXPIRED,63,6428913.2,1841331.5
1113865535,2016-01-27T00:00:00,6:47:00 PM,WS30,,CA,201605,,HOND,PA,GY,1634 WESTWOOD BLVD,201,51,8813B,METER EXPIRED,63,99999,99999
1113866110,2016-01-21T00:00:00,8:35:00 AM,PM89,,CA,201605,,NISS,PA,GY,3701 DELMAS TER,141,51,8813B,METER EXPIRED,63,6440691.8,1831974.4
1113866806,2016-01-27T00:00:00,11:21:00 AM,OS762,,NY,,,AUDI,PA,BK,2301 CORINTH AVE,141,51,8813B,METER EXPIRED,63,6428078,1835824.7
1113867473,2016-01-27T00:00:00,12:16:00 PM,PW282,,CA,201601,,CHEV,PA,SI,10644 W PICO BL,146,51,8813B,METER EXPIRED,63,6433397.4,1838172.2
1113867484,2016-01-27T00:00:00,12:22:00 PM,PW47,,CA,201611,,RROV,PA,BK,10653 W PICO BL,146,51,8813B,METER EXPIRED,63,6433351,1838140.4
1113867495,2016-01-27T00:00:00,12:25:00 PM,PW40,,CA,201603,,VOLV,PA,BK,2386 MANNING AV,146,51,8813B,METER EXPIRED,63,6433504.3,1838372.3
1113867506,2016-01-27T00:00:00,12:40:00 PM,PR382,,UT,201612,,TOYO,PA,BK,9533 W PICO BL,146,51,8813B,METER EXPIRED,63,6441546.1,1842722.5
1113867510,2016-01-27T00:00:00,12:42:00 PM,PR133,,CA,201604,,FORD,PA,RE,8866 W PICO BL,146,51,8813B,METER EXPIRED,63,6444772.3,1842691
1113867521,2016-01-27T00:00:00,12:50:00 PM,PR605,,CA,201612,,HOND,PA,BK,1150 CREST DR,146,51,8813B,METER EXPIRED,63,6444200.1,1843046.8
1113867532,2016-01-27T00:00:00,1:05:00 PM,PW210,,CA,201603,,FORD,PA,RE,10921 W PICO BL,146,51,8813B,METER EXPIRED,63,6431315.7,1836953.5
1113867543,2016-01-27T00:00:00,2:05:00 PM,PW253,,MI,201612,,MBNZ,PA,RE,10924 W PICO BL,146,51,8813B,METER EXPIRED,63,6431289.8,1836938.8
1113867554,2016-01-27T00:00:00,2:10:00 PM,PW315,,CA,201607,,TOYO,PA,GY,2401 S PROSSER AV,146,51,8813B,METER EXPIRED,63,6434106.9,1838658.9
1113867576,2016-01-27T00:00:00,2:38:00 PM,PW228,,CA,201607,,VOLK,PA,GY,10961 W PICO BL,146,51,8813B,METER EXPIRED,63,6430964,1836754.5
1104917995,2016-01-30T00:00:00,8:17:00 AM,WU1805,,CA,201609,,TOYO,PA,BK,4000 W 5TH ST,,58,8813B,METER EXPIRED,63,99999,99999
1110602544,2016-01-28T00:00:00,10:14:00 AM,ERL25,,CA,201609,,VOLK,PA,SI,APX 5065 N CASPAR AV,672,56,8813B,METER EXPIRED,63,99999,99999
1110602566,2016-01-28T00:00:00,1:16:00 PM,ER96,,CA,201611,,FORD,SU,BL,5052 N EAGLE ROCK BL,672,56,8813B,METER EXPIRED,63,6496796.4,1872773
1110602780,2016-01-29T00:00:00,11:10:00 AM,ERL6,,CA,201609,,HOND,PA,GY,5065 N CASPAR AV,672,56,8813B,METER EXPIRED,63,6497186.4,1872807.3
1110602802,2016-01-29T00:00:00,1:35:00 PM,YO84,,CA,201607,,TOYO,PA,BL,1258 N AVE 51,672,56,8813B,METER EXPIRED,63,6499655.6,1866339.5
1110602813,2016-01-29T00:00:00,1:37:00 PM,YO83,,CA,201601,,FORD,SU,BL,1258 N AVE 57,672,56,8813B,METER EXPIRED,63,99999,99999
1110602824,2016-01-29T00:00:00,1:39:00 PM,YO82,,CA,201604,,FORD,SU,GY,1252 N AVE 51,672,56,8813B,METER EXPIRED,63,6499631.1,1866235.2
1110602835,2016-01-29T00:00:00,1:54:00 PM,ER117,,CA,201702,,INFI,PA,RE,APX 5060 N CASPAR AV,672,56,8813B,METER EXPIRED,63,99999,99999
1110602846,2016-01-30T00:00:00,8:05:00 AM,CC1545,,CA,201611,,DODG,PA,MA,505 N FIGUEROA,604,56,8813B,METER EXPIRED,63,6486905.9,1844938.2
1110602850,2016-01-30T00:00:00,8:06:00 AM,CC1548,,CA,201605,,TOYO,PA,BU,505 N FIGUEROA ST,609,56,8813B,METER EXPIRED,63,6486905.9,1844938.2
1110602861,2016-01-30T00:00:00,8:09:00 AM,CC1365,,CA,201610,,CHRY,PA,GY,921 W 2ND ST,609,56,8813B,METER EXPIRED,63,6484588.2,1843379.3
1110602872,2016-01-30T00:00:00,8:10:00 AM,CC1367A,,CA,201606,,HYUN,PA,BK,921 W 2ND ST,609,56,8813B,METER EXPIRED,63,6484588.2,1843379.3
1110602883,2016-01-30T00:00:00,8:11:00 AM,CC1501,,CA,201609,,TOYO,PA,WH,1001 W 2ND ST,609,56,8813B,METER EXPIRED,63,6481660.5,1850290.8
1110602894,2016-01-30T00:00:00,8:13:00 AM,CC1517,,CA,201602,,HYUN,PA,WH,1000 W 2ND ST,609,56,8813B,METER EXPIRED,63,6484493.3,1843454.1
1110602905,2016-01-30T00:00:00,8:18:00 AM,WV1129,,CA,201511,,CHEV,TR,GY,APX 1245 W 4TH ST,609,56,8813B,METER EXPIRED,63,99999,99999
1110602916,2016-01-30T00:00:00,8:20:00 AM,WU31,,CA,201607,,MAZD,TR,BL,APX 1245 W 4TH ST,604,56,8813B,METER EXPIRED,63,99999,99999
1110602920,2016-01-30T00:00:00,8:25:00 AM,WU490,,CA,201603,,TOYO,PA,WH,1070 W WILSHIRE BL,609,56,8813B,METER EXPIRED,63,6482052,1841449
1110602931,2016-01-30T00:00:00,8:29:00 AM,WU633,,CA,201605,,NISS,PA,RE,706 S HARTFORD AV,609,56,8813B,METER EXPIRED,63,99999,99999
1110602942,2016-01-30T00:00:00,8:32:00 AM,WU522,,CA,201612,,BMW,SU,WH,1301 W 7TH ST,609,56,8813B,METER EXPIRED,63,99999,99999
1110602953,2016-01-30T00:00:00,8:36:00 AM,WU581,,CA,201701,,MITS,PA,GY,APX 705 S BEACON AV,609,56,8813B,METER EXPIRED,63,99999,99999
1110602964,2016-01-30T00:00:00,8:44:00 AM,WU370,,CA,201607,,CHEV,PA,BL,APX 610 S BURLINGTON,609,56,8813B,METER EXPIRED,63,99999,99999
1110602975,2016-01-30T00:00:00,8:47:00 AM,WU304,,CA,201611,,CHEV,SU,BL,APX 636 S BURLINGTON,604,56,8813B,METER EXPIRED,63,99999,99999
1110602986,2016-01-30T00:00:00,8:50:00 AM,WA37,,CA,201604,,TOYO,PA,BU,1910 W 7TH ST,609,56,8813B,METER EXPIRED,63,99999,99999
1110603012,2016-01-30T00:00:00,9:05:00 AM,WU1281,,CA,201603,,TOYO,TR,WH,1230 W 3RD ST,609,56,8813B,METER EXPIRED,63,6483303.7,1843258.6
1110603023,2016-01-30T00:00:00,9:15:00 AM,CC922,,CA,201605,,DODG,PA,GY,809 W CESAR CHAVEZ,609,56,8813B,METER EXPIRED,63,99999,99999
1110603034,2016-01-30T00:00:00,9:26:00 AM,WU1265,,CA,201603,,TOYO,PA,WH,1310 W SHATTO ST,609,56,8813B,METER EXPIRED,63,6481025.4,1842367.8
1110603045,2016-01-30T00:00:00,9:29:00 AM,WU403,,CA,201610,,FORD,PA,WH,665 S UNION AV,609,56,8813B,METER EXPIRED,63,6479747.5,1842491.2
1110603056,2016-01-30T00:00:00,11:04:00 AM,CB118,,CA,201609,,LINC,SU,WH,APX 1301 S HOPE ST,609,56,8813B,METER EXPIRED,63,99999,99999
1110603071,2016-01-30T00:00:00,1:42:00 PM,WA102,,CA,201703,,TOYO,VN,RE,1926 W WILSHIRE BL,609,56,8813B,METER EXPIRED,63,99999,99999
1110603093,2016-01-30T00:00:00,1:46:00 PM,WU212A,,CA,201609,,NISS,PA,WH,615 S WITMER ST,609,56,8813B,METER EXPIRED,63,6481157.8,1842547.1
1110603104,2016-01-30T00:00:00,2:38:00 PM,CC1400,,CA,201603,,NISS,TR,PU,601 N BUNKER HILL,,56,8813B,METER EXPIRED,63,99999,99999
1112886250,2016-01-30T00:00:00,6:16:00 PM,WF640,,CA,201610,,TOYO,PA,WH,100 S LAUREL,477,54,8813B,METER EXPIRED,63,99999,99999
1112886261,2016-01-30T00:00:00,6:31:00 PM,WF31A,,CA,201512,,FORD,TR,RE,157 S KILKEA DR,477,54,8813B,METER EXPIRED,63,99999,99999
1112886294,2016-01-30T00:00:00,7:12:00 PM,WF77,,CA,,,BENZ,PA,BK,146 S FLORES ST,477,54,8813B,METER EXPIRED,63,99999,99999
1112956316,2016-01-25T00:00:00,1:08:00 AM,,,CA,201604,,NISS,PA,WH,411 BERNARD ST,1FB14,1,8813B,METER EXPIRED,63,99999,99999
1113035313,2016-01-30T00:00:00,2:14:00 PM,VH68,,CA,201607,,HYUN,PA,BL,4600 W MELBOURNE AV,461A,54,8813B,METER EXPIRED,63,99999,99999
1113035324,2016-01-30T00:00:00,2:16:00 PM,VH73A,,WA,201603,,TOYO,PA,WH,1812 N VERMONT AV,461A,54,8813B,METER EXPIRED,63,6473338.3,1860293
1113038500,2016-01-30T00:00:00,8:13:00 AM,SG394,,CA,201612,,TOYO,PA,BK,1400 N FORMOSA AV,461A,54,8813B,METER EXPIRED,63,99999,99999
1113038511,2016-01-30T00:00:00,8:16:00 AM,SG248,,CA,201612,,CHEV,PA,SI,1500 N FULLER AV,461A,54,8813B,METER EXPIRED,63,6456021.4,1858228.2
1113038522,2016-01-30T00:00:00,8:20:00 AM,SG252,,FL,201612,,TOYO,PA,GY,1500 N FULLER AV,461A,54,8813B,METER EXPIRED,63,6456021.4,1858228.2
1113038533,2016-01-30T00:00:00,8:24:00 AM,SG106,,CA,,,CHEV,PA,GY,1400 N VISTA ST,461A,54,8813B,METER EXPIRED,63,6455178.1,1857581.6
1113038544,2016-01-30T00:00:00,8:27:00 AM,SG381,,CA,201610,,JEEP,PA,SI,1400 N MARTEL AVE,461A,54,8813B,METER EXPIRED,63,6455508.7,1857577.5
1113038566,2016-01-30T00:00:00,8:30:00 AM,SG263,,CA,201612,,MAZD,PA,GY,1520 N VISTA ST,461A,54,8813B,METER EXPIRED,63,6455404.9,1858369.9
1113038570,2016-01-30T00:00:00,8:34:00 AM,SG94,,CA,201612,,BMW,PA,SI,1448 N GARDNER ST,461A,54,8813B,METER EXPIRED,63,99999,99999
1113038776,2016-01-29T00:00:00,9:22:00 AM,WF157,,CA,,,BMW,PA,BK,8432 W 3RD ST,3RD,54,8813B,METER EXPIRED,63,99999,99999
1113038780,2016-01-29T00:00:00,9:32:00 AM,BF462,,CA,201608,,TOYO,PA,BL,100 S FAIRFAX AV,3RD,54,8813B,METER EXPIRED,63,99999,99999
1113038791,2016-01-29T00:00:00,9:35:00 AM,BF451,,CA,201605,,TOYO,PA,SI,100 S FAIRFAX AV,3RD,54,8813B,METER EXPIRED,63,99999,99999
1113038802,2016-01-29T00:00:00,9:34:00 AM,,,CA,201604,,SUBA,PA,BK,100 S FAIRFAX AV,3RD,54,8813B,METER EXPIRED,63,99999,99999
1113038835,2016-01-29T00:00:00,10:10:00 AM,LC391,,CA,201606,,BMW,PA,WH,8400 W OAKWOOD AV,3RD,54,8813B,METER EXPIRED,63,99999,99999
1113038883,2016-01-29T00:00:00,11:37:00 AM,BF145A,,CA,201603,,HYUN,PA,BK,7800 W ROSEWOOD AV,3RD,54,8813B,METER EXPIRED,63,6452832.4,1851763.1
1113864754,2016-01-28T00:00:00,4:58:00 PM,WS552,,CA,201603,,BMW,PA,BK,10961 ASHTON AVE,201,51,8813B,METER EXPIRED,63,6426758.6,1843512.1
1113864776,2016-01-28T00:00:00,5:01:00 PM,WS554,,CA,201603,,,TR,BK,10961 ASHTON AVE,201,51,8813B,METER EXPIRED,63,6426758.6,1843512.1
1113867764,2016-01-28T00:00:00,9:03:00 AM,PM216,,CA,201604,,MITS,PA,BL,3770 MOTOR AV,146,51,8813B,METER EXPIRED,63,6439085.5,1830352.2
1113867930,2016-01-28T00:00:00,11:08:00 AM,PM30,,CA,201606,,BMW,PA,WH,3376 MOTOR AV,146,51,8813B,METER EXPIRED,63,6437504,1832837.9
1113867952,2016-01-28T00:00:00,11:40:00 AM,PW422,,CA,201604,,GMC,PA,GY,11054 W PICO BL,141,51,8813B,METER EXPIRED,63,6430141.7,1836289.8
1113868114,2016-01-28T00:00:00,1:20:00 PM,PW87,,NV,201509,,JEEP,PA,WH,10773 W PICO BL,146,51,8813B,METER EXPIRED,63,6432349.4,1837537.9
1113868184,2016-01-29T00:00:00,8:01:00 AM,PR41,,CA,201601,,MBNZ,PA,GY,1144 S ROBERTSON BL,146,51,8813B,METER EXPIRED,63,6445448,1843002.2
1113868210,2016-01-29T00:00:00,9:59:00 AM,PR406,,CA,201611,,MBNZ,PA,BK,9580 W PICO BL,146,51,8813B,METER EXPIRED,63,99999,99999
1113868243,2016-01-29T00:00:00,11:42:00 AM,PR179,,CA,201603,,HOND,PA,BK,1464 S ROBERTSON BL,146,51,8813B,METER EXPIRED,63,6445359.8,1841886.8
1113868615,2016-01-29T00:00:00,11:34:00 AM,SS160,,CA,201608,,AUDI,PA,,1533 COLBY AVE,141,51,8813B,METER EXPIRED,63,6424265.7,1839347.9
1113981260,2016-01-29T00:00:00,2:26:00 PM,OS126,,CA,201611,,FORD,PA,BK,2231 BUTLER AVE,141,51,8813B,METER EXPIRED,63,6427244.4,1835797.7
1113981271,2016-01-29T00:00:00,2:29:00 PM,OS871,,CA,201603,,CHEV,PA,BK,2300 PURDUE AVE,141,51,8813B,METER EXPIRED,63,6427788.7,1835618.9
1113981470,2016-01-31T00:00:00,10:43:00 AM,PM235,,CA,201611,,MAZD,PU,GY,3767 MOTOR AVE,203,51,8813B,METER EXPIRED,63,6439065.7,1830383.3
1110618224,2016-06-01T00:00:00,10:33:00 AM,ER93,,CA,201608,,SUBA,PA,WH,5044 N EAGLE ROCK BL,673,56,8813B,METER EXPIRED,63,6496782.7,1872718.9
1110912913,2016-06-01T00:00:00,8:15:00 AM,PM123,,CA,201705,,SUBA,PA,WH,3775 S CLARINGTON AV,146,51,8813B,METER EXPIRED,63,99999,99999
1110912924,2016-06-01T00:00:00,8:17:00 AM,PM142,,CA,201702,,TOYO,PA,SI,3970 JASMINE AV,146,51,8813B,METER EXPIRED,63,99999,99999
1111375963,2016-06-01T00:00:00,10:52:00 AM,CB4486,,CA,,,GMC,PA,BK,724 S BROADWAY,657,56,8813B,METER EXPIRED,63,99999,99999
1114134836,2016-06-01T00:00:00,9:14:00 AM,SV888,,CA,201707,,TOYO,PA,BL,6200 LA MIRADA AVE,443,54,8813B,METER EXPIRED,63,6463433.9,1856565.7
1116290022,2016-06-01T00:00:00,1:01:00 PM,PM19,,CA,201608,,LEXU,PA,BK,3347 MOTOR AV,146,51,8813B,METER EXPIRED,63,6437395.7,1833008.4
1116290033,2016-06-01T00:00:00,1:25:00 PM,PW414,,MT,201706,,MITS,PA,GR,11070 W PICO BL,146,51,8813B,METER EXPIRED,63,6430033.7,1836228.7
1116290044,2016-06-01T00:00:00,2:08:00 PM,PW71,,CA,201612,,TOYO,PA,BL,2387 SELBY AV,146,51,8813B,METER EXPIRED,63,99999,99999
1114135271,2016-06-02T00:00:00,8:16:00 AM,SV887,,CA,201610,,BMW,PA,BK,6200 LA MIRADA AVE,443,54,8813B,METER EXPIRED,63,6463433.9,1856565.7
1114135315,2016-06-02T00:00:00,8:36:00 AM,SH439,,CA,201611,,CHEV,VN,WH,1100 N ORANGE DR,443,54,8813B,METER EXPIRED,63,6458238.4,1855566.5
1114135352,2016-06-02T00:00:00,10:45:00 AM,SV523A,,CA,201612,,HOND,PA,GY,6069 SUNSET BLVD,443,54,8813B,METER EXPIRED,63,6464229.4,1858210.9
1114135363,2016-06-02T00:00:00,10:46:00 AM,SV523,,CA,201703,,MAZD,PA,BK,6063 SUNSET BLVD,443,54,8813B,METER EXPIRED,63,6464256.5,1858211.1
1114135385,2016-06-02T00:00:00,11:23:00 AM,SV407,,CA,201702,,VOLK,PA,WH,1227 N VINE ST,443,54,8813B,METER EXPIRED,63,6462773.6,1856541.4
1110619963,2016-06-02T00:00:00,10:02:00 AM,ERL4,,CA,201612,,FIAT,PA,BK,APX 5065 N CASPAR AV,673,56,8813B,METER EXPIRED,63,99999,99999
1110620000,2016-06-02T00:00:00,1:51:00 PM,YO75,,CA,201704,,TOYO,PA,GY,1255 N AVE 51,673,56,8813B,METER EXPIRED,63,6499625.6,1866211.5
1114022803,2016-06-04T00:00:00,8:05:00 AM,SG79,,CA,,,HOND,PA,BK,1400 N SIERRA BONITA,461A,54,8813B,METER EXPIRED,63,6454518,1857575.1
1114022814,2016-06-04T00:00:00,8:07:00 AM,SG106,,CA,201607,,FORD,PA,WH,W/S 1400 N VISTA ST,461A,54,8813B,METER EXPIRED,63,6455178.1,1857581.6
1114022825,2016-06-04T00:00:00,8:10:00 AM,SG384,,CA,201606,,HYUN,PA,SI,E/S 1400 N MARTEL AV,461A,54,8813B,METER EXPIRED,63,6455508.7,1857577.5
1114022840,2016-06-04T00:00:00,8:13:00 AM,SG393,,CA,201701,,MBNZ,PA,WH,1400 N FORMOSA AV,461A,54,8813B,METER EXPIRED,63,6456839.8,1857559.4
1114022851,2016-06-04T00:00:00,8:19:00 AM,SG247,,CA,201608,,NISS,PA,BK,1500 N FULLER AV,461A,54,8813B,METER EXPIRED,63,6456021.4,1858228.2
1114022884,2016-06-04T00:00:00,8:23:00 AM,SG241,,CA,201703,,MBNZ,PA,GY,1500 N POINSETTIA PL,461A,54,8813B,METER EXPIRED,63,6456351.6,1858224.5
1114022895,2016-06-04T00:00:00,8:28:00 AM,SG262,,CA,201701,,TOYO,PA,WH,E/S 1500 N VISTA ST,461A,54,8813B,METER EXPIRED,63,6455403.8,1858235.4
1114022954,2016-06-04T00:00:00,9:08:00 AM,SH332,,CA,201606,,TOYO,PA,GY,6468 W SANTA MONICA,461A,54,8813B,METER EXPIRED,63,99999,99999
1114135595,2016-06-03T00:00:00,9:40:00 AM,HO622,,CA,201610,,TOYO,PA,RE,1745 N WILCOX AVE,443,54,8813B,METER EXPIRED,63,6461449.9,1859898.9
1114135680,2016-06-03T00:00:00,11:20:00 AM,SW89,,CA,201610,,FIAT,PA,WH,5454 VIRGINIA AVE,443,54,8813B,METER EXPIRED,63,6468243.3,1855979.8
1114136332,2016-06-03T00:00:00,9:31:00 AM,SV612,,CA,201607,,HYUN,PA,GY,1505 N MCCADDENS PL,451,54,8813B,METER EXPIRED,63,99999,99999
1114136763,2016-06-04T00:00:00,1:41:00 PM,VH25,,TX,201506,,LAND,PA,SI,4671 W HOLLYWOOD BL,461A,54,8813B,METER EXPIRED,63,99999,99999
1114136785,2016-06-03T00:00:00,2:28:00 PM,VH13,,CA,201604,,TOYO,PA,BL,4633 W HOLLYWOOD BL,461A,54,8813B,METER EXPIRED,63,6473838.3,1858952.5
1114140112,2016-06-05T00:00:00,11:06:00 AM,SV884,,CA,,,TOYO,PA,GY,6230 LA MIRADA AVE,473,54,8813B,METER EXPIRED,63,6463231.8,1856565.4
1114140123,2016-06-05T00:00:00,11:09:00 AM,SV437,,CA,201707,,VOLK,PA,GY,1348 N VINE ST,473,54,8813B,METER EXPIRED,63,99999,99999
1114136925,2016-06-06T00:00:00,9:48:00 AM,VW1445,,CA,201701,,HOND,PA,SI,456 S SHATTO PL,WIL,54,8813B,METER EXPIRED,63,6473856.1,1846513.6
1109069091,2016-06-01T00:00:00,2:40:00 PM,CB2055,,CA,201608,,MAZD,PA,GY,320 E 14TH ST,1C51,1,8813B,METER EXPIRED,63,99999,99999
1109069113,2016-06-01T00:00:00,3:00:00 PM,CB2056,,CA,201703,,TOYO,VN,BK,324 E 14TH ST,1C51,1,8813B,METER EXPIRED,63,99999,99999
1111282303,2016-06-08T00:00:00,3:28:00 PM,SO39,,CA,201702,,TOYO,PA,BL,14657 VENTURA BL,,53,8813B,METER EXPIRED,63,99999,99999
1111758034,2016-06-07T00:00:00,10:09:00 AM,NH208,,CA,201608,,HOND,PA,SI,11144 WEDDINGTON ST,356,53,8813B,METER EXPIRED,63,6448532.1,1883365.5
1111758082,2016-06-07T00:00:00,10:41:00 AM,NH488A,,MO,201609,,JEEP,PA,GY,5229 LANKERSHIM BL,356,53,8813B,METER EXPIRED,63,6448184.2,1882913
1116289215,2016-06-06T00:00:00,7:29:00 PM,WS64,,CA,201608,,MERZ,PA,BK,1422 WESTWOOD BLVD,201,51,8813B,METER EXPIRED,63,6427934.2,1842708.1
1116289683,2016-06-07T00:00:00,5:03:00 PM,WV80,,CA,201605,,BMW,PA,BK,1122 S GAYLEY AVE,201,51,8813B,METER EXPIRED,63,6426523.5,1844475.9
1116288876,2016-06-09T00:00:00,6:34:00 PM,WS49,,CA,201704,,BMW,PA,BK,1518 WESTWOOD BLVD,201,51,8813B,METER EXPIRED,63,6428240.8,1842276.9
1116288880,2016-06-09T00:00:00,6:35:00 PM,WS46,,CA,201703,,HYUN,PA,BK,1520 WESTWOOD BLVD,201,51,8813B,METER EXPIRED,63,99999,99999
1114137286,2016-06-10T00:00:00,12:36:00 PM,WW2532,,CA,201611,,HOND,PA,GR,A/F 301 N OXFORD AV,WIL,54,8813B,METER EXPIRED,63,99999,99999
1114142050,2016-06-12T00:00:00,11:14:00 AM,SV243,,CA,201610,,TOYO,PA,GY,1424 N WILCOX AVE,474,54,8813B,METER EXPIRED,63,6461453.8,1857566.2
1114142061,2016-06-12T00:00:00,11:43:00 AM,SV376,,CA,201611,,HYUN,PA,BL,1413 N COLE PL,474,54,8813B,METER EXPIRED,63,6461674.7,1857622.1
1114142422,2016-06-11T00:00:00,8:11:00 AM,SVV41,,CA,,,HYUN,PA,BK,741 N VERMONT AVE,473,54,8813B,METER EXPIRED,63,6473337.3,1853327.1
1114142433,2016-06-11T00:00:00,8:18:00 AM,VS459A,,CA,201609,,INFI,PA,GR,4751 FOUNTAIN AVE,473,54,8813B,METER EXPIRED,63,6472997.9,1857267.8
1114142444,2016-06-11T00:00:00,8:20:00 AM,VS485,,CA,201607,,CHEV,TR,GY,4880 FOUNTAIN AVE,473,54,8813B,METER EXPIRED,63,99999,99999
1114142455,2016-06-11T00:00:00,8:25:00 AM,VS571,,CA,201705,,HOND,PA,BL,1433 N ALEXANDRIA AV,473,54,8813B,METER EXPIRED,63,6471350.2,1857884.9
1114142466,2016-06-11T00:00:00,8:26:00 AM,VS572,,CA,201611,,TOYO,PA,WH,1400 N ALEXANDRIA AV,473,54,8813B,METER EXPIRED,63,6471350.1,1857718.6
1114142470,2016-06-11T00:00:00,8:30:00 AM,HW590,,CA,201702,,VOLK,PA,RE,5167 SUNSET BLVD,473,54,8813B,METER EXPIRED,63,99999,99999
1114142481,2016-06-11T00:00:00,8:33:00 AM,HW102,,CA,201610,,TOYO,PA,BK,5265 SUNSET BLVD,473,54,8813B,METER EXPIRED,63,6469415.9,1858227.5
1114142750,2016-06-11T00:00:00,8:40:00 AM,HW128,,CA,201703,,FORD,PA,BE,5401 SUNSET BLVD,473,54,8813B,METER EXPIRED,63,6468704.7,1858227.6
1114142761,2016-06-11T00:00:00,8:44:00 AM,HW374,,CA,201704,,NISS,PA,BK,5450 RUSSELL AVE,443,54,8813B,METER EXPIRED,63,6468346.7,1860443.8
1114142772,2016-06-11T00:00:00,8:49:00 AM,HW423A,,WA,201703,,CHEV,PA,RE,5555 HOLLYWOOD BLVD,473,54,8813B,METER EXPIRED,63,6467570.6,1859546.7
1114142783,2016-06-11T00:00:00,8:53:00 AM,HW425,,CA,201605,,TOYO,PA,WH,5601 HOLLYWOOD BLVD,443,54,8813B,METER EXPIRED,63,6467376.7,1859545.8
1114142842,2016-06-11T00:00:00,10:00:00 AM,SV506A,,CA,201704,,FORD,PA,RE,5815 SUNSET BLVD,443,54,8813B,METER EXPIRED,63,6465972.2,1858218.6
1114142934,2016-06-11T00:00:00,12:30:00 PM,SV416,,CA,201707,,TOYO,PA,BL,1240 N VINE ST,473,54,8813B,METER EXPIRED,63,6462773.6,1856603.3
1114142956,2016-06-11T00:00:00,2:17:00 PM,SV519,,CA,201606,,BMW,PA,GY,6001 SUNSET BLVD,473,54,8813B,METER EXPIRED,63,99999,99999
1114142960,2016-06-11T00:00:00,2:20:00 PM,SV334,,CA,201707,,AUDI,PA,BL,6115 SUNSET BLVD,473,54,8813B,METER EXPIRED,63,6464032.4,1858210.1
1114142971,2016-06-11T00:00:00,2:23:00 PM,SV541,,CA,201609,,BENZ,PA,SI,1500 N EL CENTRO AVE,473,54,8813B,METER EXPIRED,63,6463662,1858208.4
1114143004,2016-06-11T00:00:00,10:58:00 AM,HO632,,CA,201610,,TOYO,PA,GY,1701 N WILCOX AV,478,54,8813B,METER EXPIRED,63,6461450.9,1859519.2
1114143030,2016-06-11T00:00:00,11:10:00 AM,SV596,,CA,201608,,HOND,PA,GY,1512 N LAS PALMAS,478,54,8813B,METER EXPIRED,63,6459850.2,1858285
1114143155,2016-06-11T00:00:00,3:20:00 PM,SV601,,CA,201603,,DODG,PA,BK,1540 N LAS PALMAS AV,478,54,8813B,METER EXPIRED,63,99999,99999
1114143166,2016-06-11T00:00:00,3:23:00 PM,SV608A,,CA,201701,,,PA,GY,1507 N LAS PALMAS,478,54,8813B,METER EXPIRED,63,6459850.2,1858246.6
1114143170,2016-06-11T00:00:00,3:30:00 PM,HO47,,CA,201701,,CADI,PA,SI,1642 N LAS PALMAS,478,54,8813B,METER EXPIRED,63,6459909.1,1859125.5
1114143181,2016-06-11T00:00:00,3:32:00 PM,HO74,,CA,201701,,TOYO,PA,BK,1600 N CHEROKEE AV,478,54,8813B,METER EXPIRED,63,6460243.1,1858833.9
1114143192,2016-06-11T00:00:00,3:37:00 PM,HO133A,,CA,201606,,TOYO,PA,SI,1637 N WILCOX AV,478,54,8813B,METER EXPIRED,63,6461451.8,1859098.6
1114143203,2016-06-11T00:00:00,3:51:00 PM,HO495A,,CA,201611,,HOND,PA,BL,6435 YUCCA ST,478,54,8813B,METER EXPIRED,63,6461718.9,1860365.7
1114143483,2016-06-13T00:00:00,11:29:00 AM,SV609,,CA,,,FORD,PA,WH,1505 N LAS PALMAS,451,54,8813B,METER EXPIRED,63,6459850.2,1858233.8
1107591925,2016-06-04T00:00:00,1:25:00 PM,6601,,CA,201606,,FORD,VN,WH,6327 HOLLYWOOD BLVD,6FB21,1,8813B,METER EXPIRED,63,6462492.2,1859524
1114015173,2016-06-14T00:00:00,8:19:00 AM,SV251,,CA,201610,,VOLV,PA,BK,1400 N WILCOX AVE,451,54,8813B,METER EXPIRED,63,6461455.8,1857539.5
1114015184,2016-06-14T00:00:00,8:22:00 AM,HO1065,,CA,,,HYUN,PA,WH,6600 SELMA AVE,451,54,8813B,METER EXPIRED,63,6460751.1,1858853
1114015195,2016-06-14T00:00:00,8:26:00 AM,SV610,,CA,201701,,TOYO,PA,BK,1501 N MCCADDEN PL,451,54,8813B,METER EXPIRED,63,6459472.3,1858208.8
1114230913,2016-06-11T00:00:00,8:10:00 AM,,,CA,201606,,VOLK,PA,BK,N MCCADDEN PL/HOLLYW,6FB1,1,8813B,METER EXPIRED,63,99999,99999
1114230924,2016-06-11T00:00:00,8:10:00 AM,,,CA,201612,,CHEV,PA,WH,N MCCADDEN PL/HOLLYW,6FB1,1,8813B,METER EXPIRED,63,99999,99999
1114144194,2016-06-15T00:00:00,8:30:00 AM,SW189,,CA,201610,,TOYO,PA,BK,5638 SANTA MONICA BL,443,54,8813B,METER EXPIRED,63,6467133.4,1855560.1
1114144220,2016-06-15T00:00:00,8:57:00 AM,SV415,,CA,201701,,HOND,PA,BK,1240 N VINE ST,443,54,8813B,METER EXPIRED,63,6462773.6,1856603.3
1114144231,2016-06-15T00:00:00,9:06:00 AM,HW51,,CA,201703,,TOYO,PA,BK,5324 SUNSET BLVD,443,54,8813B,METER EXPIRED,63,99999,99999
1114144651,2016-06-15T00:00:00,12:54:00 PM,SH194,,CA,201611,,FORD,TR,SI,1050 N ORANGE DR,443,54,8813B,METER EXPIRED,63,6458237.5,1855244.9